HIT tr0 w/ (lambda (#(lambda (mathDomain_swap (#(lambda (mathDomain_simplify $0 mathDomain_0)) $0) mathDomain_0)) $0)) ; log prior = -4.536414 ; log likelihood = 0.000000
HIT tr1 w/ (lambda (#(lambda (#(lambda (#(lambda (mathDomain_simplify (mathDomain_rrotate (mathDomain_swap (mathDomain_div $0 mathDomain_2) mathDomain_2) mathDomain_1) mathDomain_0)) (#(lambda (#(lambda (mathDomain_simplify $0 mathDomain_0)) (mathDomain_rrotate $0 mathDomain_4))) (#(lambda (#(lambda (mathDomain_simplify $0 mathDomain_0)) (mathDomain_dist $0 mathDomain_1))) $0)))) (#(lambda (mathDomain_swap (#(lambda (mathDomain_simplify $0 mathDomain_0)) $0) mathDomain_0)) $0))) $0)) ; log prior = -4.018107 ; log likelihood = 0.000000
MISS tr2
MISS tr3
MISS tr4
MISS tr5
MISS tr6
MISS tr7
MISS tr8
HIT tr9 w/ (lambda (#(lambda (#(lambda (#(lambda (mathDomain_simplify (mathDomain_rrotate (mathDomain_swap (mathDomain_div $0 mathDomain_2) mathDomain_2) mathDomain_1) mathDomain_0)) (#(lambda (#(lambda (mathDomain_simplify $0 mathDomain_0)) (mathDomain_rrotate $0 mathDomain_4))) (#(lambda (#(lambda (mathDomain_simplify $0 mathDomain_0)) (mathDomain_dist $0 mathDomain_1))) $0)))) (#(lambda (mathDomain_swap (#(lambda (mathDomain_simplify $0 mathDomain_0)) $0) mathDomain_0)) $0))) $0)) ; log prior = -4.041722 ; log likelihood = 0.000000
MISS tr10
MISS tr11
MISS tr12
MISS tr13
MISS tr14
HIT tr15 w/ (lambda (#(lambda (#(lambda (#(lambda (mathDomain_simplify (mathDomain_rrotate (mathDomain_swap (mathDomain_div $0 mathDomain_2) mathDomain_2) mathDomain_1) mathDomain_0)) (#(lambda (#(lambda (mathDomain_simplify $0 mathDomain_0)) (mathDomain_rrotate $0 mathDomain_4))) (mathDomain_mult (#(lambda (mathDomain_swap (#(lambda (mathDomain_simplify $0 mathDomain_0)) $0) mathDomain_0)) $0) mathDomain_4)))) (#(lambda (#(lambda (mathDomain_simplify (mathDomain_rrotate (mathDomain_swap (mathDomain_div $0 mathDomain_2) mathDomain_2) mathDomain_1) mathDomain_0)) (#(lambda (mathDomain_swap (#(lambda (mathDomain_simplify $0 mathDomain_0)) $0) mathDomain_0)) (#(lambda (#(lambda (mathDomain_simplify $0 mathDomain_0)) (mathDomain_rrotate $0 mathDomain_4))) (mathDomain_sub $0 mathDomain_6))))) (#(lambda (mathDomain_swap (#(lambda (mathDomain_simplify $0 mathDomain_0)) $0) mathDomain_0)) $0)))) $0)) ; log prior = -4.019304 ; log likelihood = 0.000000
HIT tr16 w/ (lambda (#(lambda (#(lambda (#(lambda (mathDomain_simplify (mathDomain_rrotate (mathDomain_swap (mathDomain_div $0 mathDomain_2) mathDomain_2) mathDomain_1) mathDomain_0)) (#(lambda (#(lambda (mathDomain_simplify $0 mathDomain_0)) (mathDomain_rrotate $0 mathDomain_4))) (mathDomain_mult (#(lambda (mathDomain_swap (#(lambda (mathDomain_simplify $0 mathDomain_0)) $0) mathDomain_0)) $0) mathDomain_4)))) (#(lambda (#(lambda (mathDomain_simplify (mathDomain_rrotate (mathDomain_swap (mathDomain_div $0 mathDomain_2) mathDomain_2) mathDomain_1) mathDomain_0)) (#(lambda (mathDomain_swap (#(lambda (mathDomain_simplify $0 mathDomain_0)) $0) mathDomain_0)) (#(lambda (#(lambda (mathDomain_simplify $0 mathDomain_0)) (mathDomain_rrotate $0 mathDomain_4))) (mathDomain_sub $0 mathDomain_6))))) $0))) $0)) ; log prior = -4.809009 ; log likelihood = 0.000000
MISS tr17
HIT tr18 w/ (lambda (#(lambda (#(lambda (#(lambda (#(lambda (#(lambda (mathDomain_simplify (mathDomain_rrotate (mathDomain_swap (mathDomain_div $0 mathDomain_2) mathDomain_2) mathDomain_1) mathDomain_0)) (#(lambda (#(lambda (mathDomain_simplify $0 mathDomain_0)) (mathDomain_rrotate $0 mathDomain_4))) (#(lambda (#(lambda (mathDomain_simplify $0 mathDomain_0)) (mathDomain_dist $0 mathDomain_1))) $0)))) (mathDomain_sub $0 mathDomain_6))) (mathDomain_swap $0 mathDomain_4))) (#(lambda (#(lambda (mathDomain_simplify $0 mathDomain_0)) (mathDomain_rrotate $0 mathDomain_4))) (#(lambda (mathDomain_swap (#(lambda (mathDomain_simplify $0 mathDomain_0)) $0) mathDomain_0)) $0)))) $0)) ; log prior = -4.395078 ; log likelihood = 0.000000
HIT tr19 w/ (lambda (#(lambda (#(lambda (#(lambda (mathDomain_simplify (mathDomain_rrotate (mathDomain_swap (mathDomain_div $0 mathDomain_2) mathDomain_2) mathDomain_1) mathDomain_0)) (#(lambda (mathDomain_swap (#(lambda (mathDomain_simplify $0 mathDomain_0)) $0) mathDomain_0)) (#(lambda (#(lambda (mathDomain_simplify $0 mathDomain_0)) (mathDomain_rrotate $0 mathDomain_4))) (mathDomain_sub $0 mathDomain_6))))) (mathDomain_swap $0 mathDomain_2))) $0)) ; log prior = -4.478114 ; log likelihood = 0.000000
MISS tr20
HIT tr21 w/ (lambda (#(lambda (mathDomain_swap (#(lambda (mathDomain_simplify $0 mathDomain_0)) $0) mathDomain_0)) $0)) ; log prior = -4.494037 ; log likelihood = 0.000000
HIT tr22 w/ (lambda (#(lambda (#(lambda (mathDomain_simplify (mathDomain_rrotate (mathDomain_swap (mathDomain_div $0 mathDomain_2) mathDomain_2) mathDomain_1) mathDomain_0)) (#(lambda (#(lambda (mathDomain_simplify $0 mathDomain_0)) (mathDomain_rrotate $0 mathDomain_4))) (mathDomain_mult (#(lambda (mathDomain_swap (#(lambda (mathDomain_simplify $0 mathDomain_0)) $0) mathDomain_0)) $0) mathDomain_4)))) $0)) ; log prior = -3.932146 ; log likelihood = 0.000000
MISS tr23
HIT tr24 w/ (lambda (#(lambda (#(lambda (#(lambda (#(lambda (#(lambda (#(lambda (#(lambda (mathDomain_simplify (mathDomain_rrotate (mathDomain_swap (mathDomain_div $0 mathDomain_2) mathDomain_2) mathDomain_1) mathDomain_0)) (#(lambda (#(lambda (mathDomain_simplify $0 mathDomain_0)) (mathDomain_rrotate $0 mathDomain_4))) (#(lambda (#(lambda (mathDomain_simplify $0 mathDomain_0)) (mathDomain_dist $0 mathDomain_1))) $0)))) (mathDomain_sub $0 mathDomain_6))) (mathDomain_swap $0 mathDomain_4))) (#(lambda (#(lambda (mathDomain_simplify $0 mathDomain_0)) (mathDomain_rrotate $0 mathDomain_4))) (#(lambda (mathDomain_swap (#(lambda (mathDomain_simplify $0 mathDomain_0)) $0) mathDomain_0)) $0)))) (mathDomain_swap $0 mathDomain_2))) (#(lambda (mathDomain_swap (#(lambda (mathDomain_simplify $0 mathDomain_0)) $0) mathDomain_0)) $0))) $0)) ; log prior = -4.578472 ; log likelihood = 0.000000
MISS tr25
MISS tr26
HIT tr27 w/ (lambda (#(lambda (#(lambda (#(lambda (#(lambda (mathDomain_simplify (mathDomain_rrotate (mathDomain_swap (mathDomain_div $0 mathDomain_2) mathDomain_2) mathDomain_1) mathDomain_0)) (#(lambda (#(lambda (mathDomain_simplify $0 mathDomain_0)) (mathDomain_rrotate $0 mathDomain_4))) (mathDomain_mult (#(lambda (mathDomain_swap (#(lambda (mathDomain_simplify $0 mathDomain_0)) $0) mathDomain_0)) $0) mathDomain_4)))) (#(lambda (#(lambda (#(lambda (mathDomain_simplify (mathDomain_rrotate (mathDomain_swap (mathDomain_div $0 mathDomain_2) mathDomain_2) mathDomain_1) mathDomain_0)) (#(lambda (mathDomain_swap (#(lambda (mathDomain_simplify $0 mathDomain_0)) $0) mathDomain_0)) (#(lambda (#(lambda (mathDomain_simplify $0 mathDomain_0)) (mathDomain_rrotate $0 mathDomain_4))) (mathDomain_sub $0 mathDomain_6))))) (mathDomain_swap $0 mathDomain_2))) $0))) (#(lambda (mathDomain_swap (#(lambda (mathDomain_simplify $0 mathDomain_0)) $0) mathDomain_0)) $0))) $0)) ; log prior = -5.052328 ; log likelihood = 0.000000
HIT tr28 w/ (lambda (#(lambda (#(lambda (mathDomain_simplify $0 mathDomain_0)) (mathDomain_dist $0 mathDomain_1))) $0)) ; log prior = -3.967815 ; log likelihood = 0.000000
MISS tr29
HIT tr30 w/ (lambda (#(lambda (#(lambda (mathDomain_simplify (mathDomain_rrotate (mathDomain_swap (mathDomain_div $0 mathDomain_2) mathDomain_2) mathDomain_1) mathDomain_0)) (#(lambda (#(lambda (mathDomain_simplify $0 mathDomain_0)) (mathDomain_rrotate $0 mathDomain_4))) (mathDomain_mult (#(lambda (mathDomain_swap (#(lambda (mathDomain_simplify $0 mathDomain_0)) $0) mathDomain_0)) $0) mathDomain_4)))) $0)) ; log prior = -3.919630 ; log likelihood = 0.000000
MISS tr31
MISS tr32
HIT tr33 w/ (lambda (#(lambda (#(lambda (#(lambda (mathDomain_simplify (mathDomain_rrotate (mathDomain_swap (mathDomain_div $0 mathDomain_2) mathDomain_2) mathDomain_1) mathDomain_0)) (#(lambda (mathDomain_swap (#(lambda (mathDomain_simplify $0 mathDomain_0)) $0) mathDomain_0)) (#(lambda (#(lambda (mathDomain_simplify $0 mathDomain_0)) (mathDomain_rrotate $0 mathDomain_4))) (mathDomain_sub $0 mathDomain_6))))) (mathDomain_swap $0 mathDomain_2))) $0)) ; log prior = -4.485465 ; log likelihood = 0.000000
MISS tr34
MISS tr35
MISS tr36
HIT tr37 w/ (lambda (#(lambda (#(lambda (mathDomain_simplify (mathDomain_rrotate (mathDomain_swap (mathDomain_div $0 mathDomain_2) mathDomain_2) mathDomain_1) mathDomain_0)) (#(lambda (#(lambda (mathDomain_simplify $0 mathDomain_0)) (mathDomain_rrotate $0 mathDomain_4))) (#(lambda (#(lambda (mathDomain_simplify $0 mathDomain_0)) (mathDomain_dist $0 mathDomain_1))) $0)))) $0)) ; log prior = -4.344798 ; log likelihood = 0.000000
MISS tr38
MISS tr39
HIT tr40 w/ (lambda (#(lambda (#(lambda (mathDomain_simplify (mathDomain_rrotate (mathDomain_swap (mathDomain_div $0 mathDomain_2) mathDomain_2) mathDomain_1) mathDomain_0)) (#(lambda (mathDomain_swap (#(lambda (mathDomain_simplify $0 mathDomain_0)) $0) mathDomain_0)) (#(lambda (#(lambda (mathDomain_simplify $0 mathDomain_0)) (mathDomain_rrotate $0 mathDomain_4))) (mathDomain_sub $0 mathDomain_6))))) $0)) ; log prior = -4.385491 ; log likelihood = 0.000000
MISS tr41
HIT tr42 w/ (lambda (#(lambda (#(lambda (#(lambda (mathDomain_simplify (mathDomain_rrotate (mathDomain_swap (mathDomain_div $0 mathDomain_2) mathDomain_2) mathDomain_1) mathDomain_0)) (#(lambda (#(lambda (mathDomain_simplify $0 mathDomain_0)) (mathDomain_rrotate $0 mathDomain_4))) (mathDomain_mult (#(lambda (mathDomain_swap (#(lambda (mathDomain_simplify $0 mathDomain_0)) $0) mathDomain_0)) $0) mathDomain_4)))) (#(lambda (#(lambda (mathDomain_simplify (mathDomain_rrotate (mathDomain_swap (mathDomain_div $0 mathDomain_2) mathDomain_2) mathDomain_1) mathDomain_0)) (#(lambda (mathDomain_swap (#(lambda (mathDomain_simplify $0 mathDomain_0)) $0) mathDomain_0)) (#(lambda (#(lambda (mathDomain_simplify $0 mathDomain_0)) (mathDomain_rrotate $0 mathDomain_4))) (mathDomain_sub $0 mathDomain_6))))) $0))) $0)) ; log prior = -4.810331 ; log likelihood = 0.000000
HIT tr43 w/ (lambda (#(lambda (#(lambda (#(lambda (#(lambda (mathDomain_simplify (mathDomain_rrotate (mathDomain_swap (mathDomain_div $0 mathDomain_2) mathDomain_2) mathDomain_1) mathDomain_0)) (#(lambda (mathDomain_swap (#(lambda (mathDomain_simplify $0 mathDomain_0)) $0) mathDomain_0)) (#(lambda (#(lambda (mathDomain_simplify $0 mathDomain_0)) (mathDomain_rrotate $0 mathDomain_4))) (mathDomain_sub $0 mathDomain_6))))) (mathDomain_swap $0 mathDomain_2))) (#(lambda (mathDomain_swap (#(lambda (mathDomain_simplify $0 mathDomain_0)) $0) mathDomain_0)) $0))) $0)) ; log prior = -4.211226 ; log likelihood = 0.000000
MISS tr44
HIT tr45 w/ (lambda (#(lambda (#(lambda (mathDomain_simplify (mathDomain_rrotate (mathDomain_swap (mathDomain_div $0 mathDomain_2) mathDomain_2) mathDomain_1) mathDomain_0)) (#(lambda (#(lambda (mathDomain_simplify $0 mathDomain_0)) (mathDomain_rrotate $0 mathDomain_4))) (#(lambda (#(lambda (mathDomain_simplify $0 mathDomain_0)) (mathDomain_dist $0 mathDomain_1))) $0)))) $0)) ; log prior = -4.485662 ; log likelihood = 0.000000
MISS tr46
HIT tr47 w/ (lambda (#(lambda (#(lambda (mathDomain_simplify (mathDomain_rrotate (mathDomain_swap (mathDomain_div $0 mathDomain_2) mathDomain_2) mathDomain_1) mathDomain_0)) (#(lambda (#(lambda (mathDomain_simplify $0 mathDomain_0)) (mathDomain_rrotate $0 mathDomain_4))) (mathDomain_mult (#(lambda (mathDomain_swap (#(lambda (mathDomain_simplify $0 mathDomain_0)) $0) mathDomain_0)) $0) mathDomain_4)))) $0)) ; log prior = -3.921988 ; log likelihood = 0.000000
MISS tr48
HIT tr49 w/ (lambda (#(lambda (#(lambda (mathDomain_simplify $0 mathDomain_0)) (mathDomain_dist $0 mathDomain_1))) $0)) ; log prior = -3.988639 ; log likelihood = 0.000000
HIT tr50 w/ (lambda (#(lambda (#(lambda (mathDomain_simplify $0 mathDomain_0)) (mathDomain_dist $0 mathDomain_1))) $0)) ; log prior = -3.963164 ; log likelihood = 0.000000
MISS tr51
MISS tr52
HIT tr53 w/ (lambda (#(lambda (#(lambda (mathDomain_simplify (mathDomain_rrotate (mathDomain_swap (mathDomain_div $0 mathDomain_2) mathDomain_2) mathDomain_1) mathDomain_0)) (#(lambda (#(lambda (mathDomain_simplify $0 mathDomain_0)) (mathDomain_rrotate $0 mathDomain_4))) (mathDomain_mult (#(lambda (mathDomain_swap (#(lambda (mathDomain_simplify $0 mathDomain_0)) $0) mathDomain_0)) $0) mathDomain_4)))) $0)) ; log prior = -4.016270 ; log likelihood = 0.000000
MISS tr54
HIT tr55 w/ (lambda (#(lambda (#(lambda (mathDomain_simplify (mathDomain_rrotate (mathDomain_swap (mathDomain_div $0 mathDomain_2) mathDomain_2) mathDomain_1) mathDomain_0)) (#(lambda (#(lambda (mathDomain_simplify $0 mathDomain_0)) (mathDomain_rrotate $0 mathDomain_4))) (#(lambda (#(lambda (mathDomain_simplify $0 mathDomain_0)) (mathDomain_dist $0 mathDomain_1))) $0)))) $0)) ; log prior = -4.238169 ; log likelihood = 0.000000
MISS tr56
HIT tr57 w/ (lambda (#(lambda (#(lambda (#(lambda (mathDomain_simplify (mathDomain_rrotate (mathDomain_swap (mathDomain_div $0 mathDomain_2) mathDomain_2) mathDomain_1) mathDomain_0)) (#(lambda (#(lambda (mathDomain_simplify $0 mathDomain_0)) (mathDomain_rrotate $0 mathDomain_4))) (mathDomain_mult (#(lambda (mathDomain_swap (#(lambda (mathDomain_simplify $0 mathDomain_0)) $0) mathDomain_0)) $0) mathDomain_4)))) (#(lambda (#(lambda (mathDomain_simplify (mathDomain_rrotate (mathDomain_swap (mathDomain_div $0 mathDomain_2) mathDomain_2) mathDomain_1) mathDomain_0)) (#(lambda (mathDomain_swap (#(lambda (mathDomain_simplify $0 mathDomain_0)) $0) mathDomain_0)) (#(lambda (#(lambda (mathDomain_simplify $0 mathDomain_0)) (mathDomain_rrotate $0 mathDomain_4))) (mathDomain_sub $0 mathDomain_6))))) (#(lambda (mathDomain_swap (#(lambda (mathDomain_simplify $0 mathDomain_0)) $0) mathDomain_0)) $0)))) $0)) ; log prior = -4.016926 ; log likelihood = 0.000000
HIT tr58 w/ (lambda (#(lambda (#(lambda (#(lambda (mathDomain_simplify (mathDomain_rrotate (mathDomain_swap (mathDomain_div $0 mathDomain_2) mathDomain_2) mathDomain_1) mathDomain_0)) (#(lambda (#(lambda (mathDomain_simplify $0 mathDomain_0)) (mathDomain_rrotate $0 mathDomain_4))) (mathDomain_mult (#(lambda (mathDomain_swap (#(lambda (mathDomain_simplify $0 mathDomain_0)) $0) mathDomain_0)) $0) mathDomain_4)))) (#(lambda (#(lambda (#(lambda (mathDomain_simplify (mathDomain_rrotate (mathDomain_swap (mathDomain_div $0 mathDomain_2) mathDomain_2) mathDomain_1) mathDomain_0)) (#(lambda (mathDomain_swap (#(lambda (mathDomain_simplify $0 mathDomain_0)) $0) mathDomain_0)) (#(lambda (#(lambda (mathDomain_simplify $0 mathDomain_0)) (mathDomain_rrotate $0 mathDomain_4))) (mathDomain_sub $0 mathDomain_6))))) (mathDomain_swap $0 mathDomain_2))) $0))) $0)) ; log prior = -5.005003 ; log likelihood = 0.000000
HIT tr59 w/ (lambda (#(lambda (#(lambda (#(lambda (mathDomain_simplify (mathDomain_rrotate (mathDomain_swap (mathDomain_div $0 mathDomain_2) mathDomain_2) mathDomain_1) mathDomain_0)) (#(lambda (#(lambda (mathDomain_simplify $0 mathDomain_0)) (mathDomain_rrotate $0 mathDomain_4))) (mathDomain_mult (#(lambda (mathDomain_swap (#(lambda (mathDomain_simplify $0 mathDomain_0)) $0) mathDomain_0)) $0) mathDomain_4)))) (#(lambda (#(lambda (mathDomain_simplify (mathDomain_rrotate (mathDomain_swap (mathDomain_div $0 mathDomain_2) mathDomain_2) mathDomain_1) mathDomain_0)) (#(lambda (mathDomain_swap (#(lambda (mathDomain_simplify $0 mathDomain_0)) $0) mathDomain_0)) (#(lambda (#(lambda (mathDomain_simplify $0 mathDomain_0)) (mathDomain_rrotate $0 mathDomain_4))) (mathDomain_sub $0 mathDomain_6))))) (#(lambda (mathDomain_swap (#(lambda (mathDomain_simplify $0 mathDomain_0)) $0) mathDomain_0)) $0)))) $0)) ; log prior = -4.007665 ; log likelihood = 0.000000
MISS tr60
HIT tr61 w/ (lambda (#(lambda (#(lambda (#(lambda (#(lambda (mathDomain_simplify (mathDomain_rrotate (mathDomain_swap (mathDomain_div $0 mathDomain_2) mathDomain_2) mathDomain_1) mathDomain_0)) (#(lambda (mathDomain_swap (#(lambda (mathDomain_simplify $0 mathDomain_0)) $0) mathDomain_0)) (#(lambda (#(lambda (mathDomain_simplify $0 mathDomain_0)) (mathDomain_rrotate $0 mathDomain_4))) (mathDomain_sub $0 mathDomain_6))))) (mathDomain_swap $0 mathDomain_2))) (#(lambda (mathDomain_swap (#(lambda (mathDomain_simplify $0 mathDomain_0)) $0) mathDomain_0)) $0))) $0)) ; log prior = -4.238717 ; log likelihood = 0.000000
MISS tr62
HIT tr63 w/ (lambda (#(lambda (#(lambda (#(lambda (#(lambda (mathDomain_simplify (mathDomain_rrotate (mathDomain_swap (mathDomain_div $0 mathDomain_2) mathDomain_2) mathDomain_1) mathDomain_0)) (#(lambda (#(lambda (mathDomain_simplify $0 mathDomain_0)) (mathDomain_rrotate $0 mathDomain_4))) (#(lambda (#(lambda (mathDomain_simplify $0 mathDomain_0)) (mathDomain_dist $0 mathDomain_1))) $0)))) (mathDomain_sub $0 mathDomain_6))) (mathDomain_swap $0 mathDomain_4))) $0)) ; log prior = -5.260294 ; log likelihood = 0.000000
HIT tr64 w/ (lambda (#(lambda (#(lambda (#(lambda (#(lambda (#(lambda (#(lambda (mathDomain_simplify (mathDomain_rrotate (mathDomain_swap (mathDomain_div $0 mathDomain_2) mathDomain_2) mathDomain_1) mathDomain_0)) (#(lambda (#(lambda (mathDomain_simplify $0 mathDomain_0)) (mathDomain_rrotate $0 mathDomain_4))) (#(lambda (#(lambda (mathDomain_simplify $0 mathDomain_0)) (mathDomain_dist $0 mathDomain_1))) $0)))) (mathDomain_sub $0 mathDomain_6))) (mathDomain_swap $0 mathDomain_4))) (#(lambda (#(lambda (mathDomain_simplify $0 mathDomain_0)) (mathDomain_rrotate $0 mathDomain_4))) (#(lambda (mathDomain_swap (#(lambda (mathDomain_simplify $0 mathDomain_0)) $0) mathDomain_0)) $0)))) (mathDomain_swap $0 mathDomain_2))) (mathDomain_swap $0 mathDomain_2))) ; log prior = -12.320004 ; log likelihood = 0.000000
HIT tr65 w/ (lambda (#(lambda (mathDomain_swap (#(lambda (mathDomain_simplify $0 mathDomain_0)) $0) mathDomain_0)) $0)) ; log prior = -4.475504 ; log likelihood = 0.000000
HIT tr66 w/ (lambda (#(lambda (#(lambda (#(lambda (mathDomain_simplify (mathDomain_rrotate (mathDomain_swap (mathDomain_div $0 mathDomain_2) mathDomain_2) mathDomain_1) mathDomain_0)) (#(lambda (#(lambda (mathDomain_simplify $0 mathDomain_0)) (mathDomain_rrotate $0 mathDomain_4))) (mathDomain_mult (#(lambda (mathDomain_swap (#(lambda (mathDomain_simplify $0 mathDomain_0)) $0) mathDomain_0)) $0) mathDomain_4)))) (#(lambda (#(lambda (#(lambda (mathDomain_simplify (mathDomain_rrotate (mathDomain_swap (mathDomain_div $0 mathDomain_2) mathDomain_2) mathDomain_1) mathDomain_0)) (#(lambda (mathDomain_swap (#(lambda (mathDomain_simplify $0 mathDomain_0)) $0) mathDomain_0)) (#(lambda (#(lambda (mathDomain_simplify $0 mathDomain_0)) (mathDomain_rrotate $0 mathDomain_4))) (mathDomain_sub $0 mathDomain_6))))) (mathDomain_swap $0 mathDomain_2))) $0))) $0)) ; log prior = -4.988557 ; log likelihood = 0.000000
HIT tr67 w/ (lambda (#(lambda (#(lambda (#(lambda (mathDomain_simplify (mathDomain_rrotate (mathDomain_swap (mathDomain_div $0 mathDomain_2) mathDomain_2) mathDomain_1) mathDomain_0)) (#(lambda (#(lambda (mathDomain_simplify $0 mathDomain_0)) (mathDomain_rrotate $0 mathDomain_4))) (#(lambda (#(lambda (mathDomain_simplify $0 mathDomain_0)) (mathDomain_dist $0 mathDomain_1))) $0)))) (#(lambda (mathDomain_swap (#(lambda (mathDomain_simplify $0 mathDomain_0)) $0) mathDomain_0)) $0))) (#(lambda (#(lambda (mathDomain_swap (#(lambda (mathDomain_simplify $0 mathDomain_0)) $0) mathDomain_0)) (#(lambda (#(lambda (mathDomain_simplify $0 mathDomain_0)) (mathDomain_rrotate $0 mathDomain_4))) (mathDomain_sub (#(lambda (mathDomain_swap (#(lambda (mathDomain_simplify $0 mathDomain_0)) $0) mathDomain_0)) $0) mathDomain_4)))) $0))) ; log prior = -8.100594 ; log likelihood = 0.000000
MISS tr68
HIT tr69 w/ (lambda (#(lambda (#(lambda (#(lambda (mathDomain_simplify (mathDomain_rrotate (mathDomain_swap (mathDomain_div $0 mathDomain_2) mathDomain_2) mathDomain_1) mathDomain_0)) (#(lambda (mathDomain_swap (#(lambda (mathDomain_simplify $0 mathDomain_0)) $0) mathDomain_0)) (#(lambda (#(lambda (mathDomain_simplify $0 mathDomain_0)) (mathDomain_rrotate $0 mathDomain_4))) (mathDomain_sub $0 mathDomain_6))))) (#(lambda (mathDomain_swap (#(lambda (mathDomain_simplify $0 mathDomain_0)) $0) mathDomain_0)) $0))) $0)) ; log prior = -4.675899 ; log likelihood = 0.000000
MISS tr70
HIT tr71 w/ (lambda (#(lambda (#(lambda (#(lambda (mathDomain_simplify (mathDomain_rrotate (mathDomain_swap (mathDomain_div $0 mathDomain_2) mathDomain_2) mathDomain_1) mathDomain_0)) (#(lambda (mathDomain_swap (#(lambda (mathDomain_simplify $0 mathDomain_0)) $0) mathDomain_0)) (#(lambda (#(lambda (mathDomain_simplify $0 mathDomain_0)) (mathDomain_rrotate $0 mathDomain_4))) (mathDomain_sub $0 mathDomain_6))))) (#(lambda (mathDomain_swap (#(lambda (mathDomain_simplify $0 mathDomain_0)) $0) mathDomain_0)) $0))) $0)) ; log prior = -4.700507 ; log likelihood = 0.000000
HIT tr72 w/ (lambda (#(lambda (#(lambda (#(lambda (#(lambda (mathDomain_simplify (mathDomain_rrotate (mathDomain_swap (mathDomain_div $0 mathDomain_2) mathDomain_2) mathDomain_1) mathDomain_0)) (#(lambda (mathDomain_swap (#(lambda (mathDomain_simplify $0 mathDomain_0)) $0) mathDomain_0)) (#(lambda (#(lambda (mathDomain_simplify $0 mathDomain_0)) (mathDomain_rrotate $0 mathDomain_4))) (mathDomain_sub $0 mathDomain_6))))) (mathDomain_swap $0 mathDomain_2))) (#(lambda (mathDomain_swap (#(lambda (mathDomain_simplify $0 mathDomain_0)) $0) mathDomain_0)) $0))) $0)) ; log prior = -4.234264 ; log likelihood = 0.000000
MISS tr73
MISS tr74
MISS tr75
MISS tr76
HIT tr77 w/ (lambda (#(lambda (#(lambda (#(lambda (mathDomain_simplify (mathDomain_rrotate (mathDomain_swap (mathDomain_div $0 mathDomain_2) mathDomain_2) mathDomain_1) mathDomain_0)) (#(lambda (mathDomain_swap (#(lambda (mathDomain_simplify $0 mathDomain_0)) $0) mathDomain_0)) (#(lambda (#(lambda (mathDomain_simplify $0 mathDomain_0)) (mathDomain_rrotate $0 mathDomain_4))) $0)))) (mathDomain_mult $0 mathDomain_6))) $0)) ; log prior = -6.099383 ; log likelihood = 0.000000
MISS tr78
HIT tr79 w/ (lambda (#(lambda (#(lambda (#(lambda (mathDomain_simplify (mathDomain_rrotate (mathDomain_swap (mathDomain_div $0 mathDomain_2) mathDomain_2) mathDomain_1) mathDomain_0)) (#(lambda (#(lambda (mathDomain_simplify $0 mathDomain_0)) (mathDomain_rrotate $0 mathDomain_4))) (mathDomain_mult (#(lambda (mathDomain_swap (#(lambda (mathDomain_simplify $0 mathDomain_0)) $0) mathDomain_0)) $0) mathDomain_4)))) (#(lambda (#(lambda (mathDomain_simplify (mathDomain_rrotate (mathDomain_swap (mathDomain_div $0 mathDomain_2) mathDomain_2) mathDomain_1) mathDomain_0)) (#(lambda (mathDomain_swap (#(lambda (mathDomain_simplify $0 mathDomain_0)) $0) mathDomain_0)) (#(lambda (#(lambda (mathDomain_simplify $0 mathDomain_0)) (mathDomain_rrotate $0 mathDomain_4))) (mathDomain_sub $0 mathDomain_6))))) (#(lambda (mathDomain_swap (#(lambda (mathDomain_simplify $0 mathDomain_0)) $0) mathDomain_0)) $0)))) $0)) ; log prior = -4.019625 ; log likelihood = 0.000000
MISS tr80
MISS tr81
HIT tr82 w/ (lambda (#(lambda (mathDomain_swap (#(lambda (mathDomain_simplify $0 mathDomain_0)) $0) mathDomain_0)) $0)) ; log prior = -4.349757 ; log likelihood = 0.000000
MISS tr83
MISS tr84
HIT tr85 w/ (lambda (#(lambda (#(lambda (mathDomain_simplify $0 mathDomain_0)) (mathDomain_dist $0 mathDomain_1))) $0)) ; log prior = -3.914541 ; log likelihood = 0.000000
MISS tr86
HIT tr87 w/ (lambda (#(lambda (#(lambda (mathDomain_simplify $0 mathDomain_0)) (mathDomain_rrotate $0 mathDomain_4))) $0)) ; log prior = -4.447557 ; log likelihood = 0.000000
HIT tr88 w/ (lambda (#(lambda (#(lambda (#(lambda (#(lambda (mathDomain_simplify (mathDomain_rrotate (mathDomain_swap (mathDomain_div $0 mathDomain_2) mathDomain_2) mathDomain_1) mathDomain_0)) (#(lambda (mathDomain_swap (#(lambda (mathDomain_simplify $0 mathDomain_0)) $0) mathDomain_0)) (#(lambda (#(lambda (mathDomain_simplify $0 mathDomain_0)) (mathDomain_rrotate $0 mathDomain_4))) (mathDomain_sub $0 mathDomain_6))))) (mathDomain_swap $0 mathDomain_2))) (#(lambda (mathDomain_swap (#(lambda (mathDomain_simplify $0 mathDomain_0)) $0) mathDomain_0)) $0))) $0)) ; log prior = -4.256123 ; log likelihood = 0.000000
MISS tr89
HIT tr90 w/ (lambda (#(lambda (#(lambda (mathDomain_simplify (mathDomain_rrotate (mathDomain_swap (mathDomain_div $0 mathDomain_2) mathDomain_2) mathDomain_1) mathDomain_0)) (#(lambda (mathDomain_swap (#(lambda (mathDomain_simplify $0 mathDomain_0)) $0) mathDomain_0)) (#(lambda (#(lambda (mathDomain_simplify $0 mathDomain_0)) (mathDomain_rrotate $0 mathDomain_4))) (mathDomain_sub $0 mathDomain_6))))) $0)) ; log prior = -4.292159 ; log likelihood = 0.000000
HIT tr91 w/ (lambda (#(lambda (#(lambda (#(lambda (mathDomain_simplify (mathDomain_rrotate (mathDomain_swap (mathDomain_div $0 mathDomain_2) mathDomain_2) mathDomain_1) mathDomain_0)) (#(lambda (#(lambda (mathDomain_simplify $0 mathDomain_0)) (mathDomain_rrotate $0 mathDomain_4))) (mathDomain_mult (#(lambda (mathDomain_swap (#(lambda (mathDomain_simplify $0 mathDomain_0)) $0) mathDomain_0)) $0) mathDomain_4)))) (#(lambda (#(lambda (mathDomain_simplify (mathDomain_rrotate (mathDomain_swap (mathDomain_div $0 mathDomain_2) mathDomain_2) mathDomain_1) mathDomain_0)) (#(lambda (mathDomain_swap (#(lambda (mathDomain_simplify $0 mathDomain_0)) $0) mathDomain_0)) (#(lambda (#(lambda (mathDomain_simplify $0 mathDomain_0)) (mathDomain_rrotate $0 mathDomain_4))) (mathDomain_sub $0 mathDomain_6))))) $0))) $0)) ; log prior = -4.817121 ; log likelihood = 0.000000
MISS tr92
HIT tr93 w/ (lambda (#(lambda (#(lambda (mathDomain_simplify (mathDomain_rrotate (mathDomain_swap (mathDomain_div $0 mathDomain_2) mathDomain_2) mathDomain_1) mathDomain_0)) (#(lambda (#(lambda (mathDomain_simplify $0 mathDomain_0)) (mathDomain_rrotate $0 mathDomain_4))) (#(lambda (#(lambda (mathDomain_simplify $0 mathDomain_0)) (mathDomain_dist $0 mathDomain_1))) $0)))) $0)) ; log prior = -4.460344 ; log likelihood = 0.000000
HIT tr94 w/ (lambda (#(lambda (#(lambda (#(lambda (mathDomain_simplify (mathDomain_rrotate (mathDomain_swap (mathDomain_div $0 mathDomain_2) mathDomain_2) mathDomain_1) mathDomain_0)) (#(lambda (mathDomain_swap (#(lambda (mathDomain_simplify $0 mathDomain_0)) $0) mathDomain_0)) (#(lambda (#(lambda (mathDomain_simplify $0 mathDomain_0)) (mathDomain_rrotate $0 mathDomain_4))) (mathDomain_sub $0 mathDomain_6))))) (#(lambda (mathDomain_swap (#(lambda (mathDomain_simplify $0 mathDomain_0)) $0) mathDomain_0)) $0))) $0)) ; log prior = -4.650017 ; log likelihood = 0.000000
MISS tr95
HIT tr96 w/ (lambda (#(lambda (lambda (#(lambda (#(lambda (#(lambda (mathDomain_simplify (mathDomain_rrotate (mathDomain_swap (mathDomain_div $0 mathDomain_2) mathDomain_2) mathDomain_1) mathDomain_0)) (#(lambda (#(lambda (mathDomain_simplify $0 mathDomain_0)) (mathDomain_rrotate $0 mathDomain_4))) (#(lambda (#(lambda (mathDomain_simplify $0 mathDomain_0)) (mathDomain_dist $0 mathDomain_1))) $0)))) (#(lambda (mathDomain_swap (#(lambda (mathDomain_simplify $0 mathDomain_0)) $0) mathDomain_0)) $0))) (#(lambda (#(lambda (mathDomain_simplify $0 mathDomain_0)) (mathDomain_rrotate $0 mathDomain_4))) (mathDomain_add $0 $1))))) mathDomain_10 $0)) ; log prior = -6.847039 ; log likelihood = 0.000000
MISS tr97
HIT tr98 w/ (lambda (#(lambda (#(lambda (mathDomain_simplify (mathDomain_rrotate (mathDomain_swap (mathDomain_div $0 mathDomain_2) mathDomain_2) mathDomain_1) mathDomain_0)) (#(lambda (#(lambda (mathDomain_simplify $0 mathDomain_0)) (mathDomain_rrotate $0 mathDomain_4))) (#(lambda (#(lambda (mathDomain_simplify $0 mathDomain_0)) (mathDomain_dist $0 mathDomain_1))) $0)))) $0)) ; log prior = -4.277319 ; log likelihood = 0.000000
MISS tr99
HIT tr100 w/ (lambda (#(lambda (#(lambda (mathDomain_simplify $0 mathDomain_0)) (mathDomain_dist $0 mathDomain_1))) $0)) ; log prior = -3.915663 ; log likelihood = 0.000000
HIT tr101 w/ (lambda (#(lambda (#(lambda (#(lambda (#(lambda (#(lambda (#(lambda (mathDomain_simplify (mathDomain_rrotate (mathDomain_swap (mathDomain_div $0 mathDomain_2) mathDomain_2) mathDomain_1) mathDomain_0)) (#(lambda (#(lambda (mathDomain_simplify $0 mathDomain_0)) (mathDomain_rrotate $0 mathDomain_4))) (#(lambda (#(lambda (mathDomain_simplify $0 mathDomain_0)) (mathDomain_dist $0 mathDomain_1))) $0)))) (mathDomain_sub $0 mathDomain_6))) (mathDomain_swap $0 mathDomain_4))) (#(lambda (#(lambda (mathDomain_simplify $0 mathDomain_0)) (mathDomain_rrotate $0 mathDomain_4))) (#(lambda (mathDomain_swap (#(lambda (mathDomain_simplify $0 mathDomain_0)) $0) mathDomain_0)) $0)))) (mathDomain_swap $0 mathDomain_2))) $0)) ; log prior = -5.235262 ; log likelihood = 0.000000
HIT tr102 w/ (lambda (#(lambda (#(lambda (mathDomain_simplify (mathDomain_rrotate (mathDomain_swap (mathDomain_div $0 mathDomain_2) mathDomain_2) mathDomain_1) mathDomain_0)) (#(lambda (#(lambda (mathDomain_simplify $0 mathDomain_0)) (mathDomain_rrotate $0 mathDomain_4))) (#(lambda (#(lambda (mathDomain_simplify $0 mathDomain_0)) (mathDomain_dist $0 mathDomain_1))) $0)))) $0)) ; log prior = -4.192147 ; log likelihood = 0.000000
HIT tr103 w/ (lambda (#(lambda (#(lambda (#(lambda (mathDomain_simplify (mathDomain_rrotate (mathDomain_swap (mathDomain_div $0 mathDomain_2) mathDomain_2) mathDomain_1) mathDomain_0)) (#(lambda (#(lambda (mathDomain_simplify $0 mathDomain_0)) (mathDomain_rrotate $0 mathDomain_4))) (#(lambda (#(lambda (mathDomain_simplify $0 mathDomain_0)) (mathDomain_dist $0 mathDomain_1))) $0)))) (#(lambda (mathDomain_swap (#(lambda (mathDomain_simplify $0 mathDomain_0)) $0) mathDomain_0)) $0))) $0)) ; log prior = -4.144923 ; log likelihood = 0.000000
HIT tr104 w/ (lambda (#(lambda (#(lambda (#(lambda (mathDomain_simplify (mathDomain_rrotate (mathDomain_swap (mathDomain_div $0 mathDomain_2) mathDomain_2) mathDomain_1) mathDomain_0)) (#(lambda (#(lambda (mathDomain_simplify $0 mathDomain_0)) (mathDomain_rrotate $0 mathDomain_4))) (mathDomain_mult (#(lambda (mathDomain_swap (#(lambda (mathDomain_simplify $0 mathDomain_0)) $0) mathDomain_0)) $0) mathDomain_4)))) (#(lambda (#(lambda (mathDomain_simplify (mathDomain_rrotate (mathDomain_swap (mathDomain_div $0 mathDomain_2) mathDomain_2) mathDomain_1) mathDomain_0)) (#(lambda (mathDomain_swap (#(lambda (mathDomain_simplify $0 mathDomain_0)) $0) mathDomain_0)) (#(lambda (#(lambda (mathDomain_simplify $0 mathDomain_0)) (mathDomain_rrotate $0 mathDomain_4))) (mathDomain_sub $0 mathDomain_6))))) $0))) $0)) ; log prior = -4.828647 ; log likelihood = 0.000000
HIT tr105 w/ (lambda (#(lambda (#(lambda (mathDomain_simplify $0 mathDomain_0)) (mathDomain_dist $0 mathDomain_1))) $0)) ; log prior = -3.953223 ; log likelihood = 0.000000
HIT tr106 w/ (lambda (#(lambda (#(lambda (#(lambda (mathDomain_simplify (mathDomain_rrotate (mathDomain_swap (mathDomain_div $0 mathDomain_2) mathDomain_2) mathDomain_1) mathDomain_0)) (#(lambda (#(lambda (mathDomain_simplify $0 mathDomain_0)) (mathDomain_rrotate $0 mathDomain_4))) (#(lambda (#(lambda (mathDomain_simplify $0 mathDomain_0)) (mathDomain_dist $0 mathDomain_1))) $0)))) (#(lambda (mathDomain_swap (#(lambda (mathDomain_simplify $0 mathDomain_0)) $0) mathDomain_0)) $0))) $0)) ; log prior = -4.055125 ; log likelihood = 0.000000
MISS tr107
MISS tr108
HIT tr109 w/ (lambda (#(lambda (#(lambda (mathDomain_simplify (mathDomain_rrotate (mathDomain_swap (mathDomain_div $0 mathDomain_2) mathDomain_2) mathDomain_1) mathDomain_0)) (#(lambda (#(lambda (mathDomain_simplify $0 mathDomain_0)) (mathDomain_rrotate $0 mathDomain_4))) (mathDomain_mult (#(lambda (mathDomain_swap (#(lambda (mathDomain_simplify $0 mathDomain_0)) $0) mathDomain_0)) $0) mathDomain_4)))) $0)) ; log prior = -3.982930 ; log likelihood = 0.000000
MISS tr110
HIT tr111 w/ (lambda (#(lambda (#(lambda (mathDomain_simplify (mathDomain_rrotate (mathDomain_swap (mathDomain_div $0 mathDomain_2) mathDomain_2) mathDomain_1) mathDomain_0)) (#(lambda (#(lambda (mathDomain_simplify $0 mathDomain_0)) (mathDomain_rrotate $0 mathDomain_4))) (#(lambda (#(lambda (mathDomain_simplify $0 mathDomain_0)) (mathDomain_dist $0 mathDomain_1))) $0)))) $0)) ; log prior = -4.237276 ; log likelihood = 0.000000
MISS tr112
HIT tr113 w/ (lambda (#(lambda (#(lambda (#(lambda (#(lambda (mathDomain_simplify (mathDomain_rrotate (mathDomain_swap (mathDomain_div $0 mathDomain_2) mathDomain_2) mathDomain_1) mathDomain_0)) (#(lambda (mathDomain_swap (#(lambda (mathDomain_simplify $0 mathDomain_0)) $0) mathDomain_0)) (#(lambda (#(lambda (mathDomain_simplify $0 mathDomain_0)) (mathDomain_rrotate $0 mathDomain_4))) (mathDomain_sub $0 mathDomain_6))))) (mathDomain_swap $0 mathDomain_2))) (#(lambda (mathDomain_swap (#(lambda (mathDomain_simplify $0 mathDomain_0)) $0) mathDomain_0)) $0))) $0)) ; log prior = -4.224715 ; log likelihood = 0.000000
HIT tr114 w/ (lambda (#(lambda (#(lambda (#(lambda (mathDomain_simplify (mathDomain_rrotate (mathDomain_swap (mathDomain_div $0 mathDomain_2) mathDomain_2) mathDomain_1) mathDomain_0)) (#(lambda (#(lambda (mathDomain_simplify $0 mathDomain_0)) (mathDomain_rrotate $0 mathDomain_4))) (#(lambda (#(lambda (mathDomain_simplify $0 mathDomain_0)) (mathDomain_dist $0 mathDomain_1))) $0)))) (#(lambda (mathDomain_swap (#(lambda (mathDomain_simplify $0 mathDomain_0)) $0) mathDomain_0)) $0))) $0)) ; log prior = -4.010776 ; log likelihood = 0.000000
HIT tr115 w/ (lambda (#(lambda (#(lambda (#(lambda (#(lambda (mathDomain_simplify (mathDomain_rrotate (mathDomain_swap (mathDomain_div $0 mathDomain_2) mathDomain_2) mathDomain_1) mathDomain_0)) (#(lambda (mathDomain_swap (#(lambda (mathDomain_simplify $0 mathDomain_0)) $0) mathDomain_0)) (#(lambda (#(lambda (mathDomain_simplify $0 mathDomain_0)) (mathDomain_rrotate $0 mathDomain_4))) (mathDomain_sub $0 mathDomain_6))))) (mathDomain_swap $0 mathDomain_2))) (#(lambda (mathDomain_swap (#(lambda (mathDomain_simplify $0 mathDomain_0)) $0) mathDomain_0)) $0))) $0)) ; log prior = -4.222710 ; log likelihood = 0.000000
MISS tr116
MISS tr117
HIT tr118 w/ (lambda (#(lambda (#(lambda (#(lambda (mathDomain_simplify (mathDomain_rrotate (mathDomain_swap (mathDomain_div $0 mathDomain_2) mathDomain_2) mathDomain_1) mathDomain_0)) (#(lambda (#(lambda (mathDomain_simplify $0 mathDomain_0)) (mathDomain_rrotate $0 mathDomain_4))) (#(lambda (#(lambda (mathDomain_simplify $0 mathDomain_0)) (mathDomain_dist $0 mathDomain_1))) $0)))) (mathDomain_sub $0 mathDomain_6))) (mathDomain_multone $0 mathDomain_6))) ; log prior = -11.502025 ; log likelihood = 0.000000
HIT tr119 w/ (lambda (#(lambda (#(lambda (#(lambda (#(lambda (#(lambda (mathDomain_simplify (mathDomain_rrotate (mathDomain_swap (mathDomain_div $0 mathDomain_2) mathDomain_2) mathDomain_1) mathDomain_0)) (#(lambda (#(lambda (mathDomain_simplify $0 mathDomain_0)) (mathDomain_rrotate $0 mathDomain_4))) (#(lambda (#(lambda (mathDomain_simplify $0 mathDomain_0)) (mathDomain_dist $0 mathDomain_1))) $0)))) (mathDomain_sub $0 mathDomain_6))) (mathDomain_swap $0 mathDomain_4))) (#(lambda (#(lambda (mathDomain_simplify $0 mathDomain_0)) (mathDomain_rrotate $0 mathDomain_4))) (#(lambda (mathDomain_swap (#(lambda (mathDomain_simplify $0 mathDomain_0)) $0) mathDomain_0)) $0)))) $0)) ; log prior = -4.513721 ; log likelihood = 0.000000
HIT tr120 w/ (lambda (#(lambda (#(lambda (#(lambda (mathDomain_simplify (mathDomain_rrotate (mathDomain_swap (mathDomain_div $0 mathDomain_2) mathDomain_2) mathDomain_1) mathDomain_0)) (#(lambda (mathDomain_swap (#(lambda (mathDomain_simplify $0 mathDomain_0)) $0) mathDomain_0)) (#(lambda (#(lambda (mathDomain_simplify $0 mathDomain_0)) (mathDomain_rrotate $0 mathDomain_4))) (mathDomain_sub $0 mathDomain_6))))) (mathDomain_swap $0 mathDomain_2))) $0)) ; log prior = -4.500134 ; log likelihood = 0.000000
MISS tr121
HIT tr122 w/ (lambda (#(lambda (#(lambda (#(lambda (#(lambda (#(lambda (#(lambda (#(lambda (mathDomain_simplify (mathDomain_rrotate (mathDomain_swap (mathDomain_div $0 mathDomain_2) mathDomain_2) mathDomain_1) mathDomain_0)) (#(lambda (#(lambda (mathDomain_simplify $0 mathDomain_0)) (mathDomain_rrotate $0 mathDomain_4))) (#(lambda (#(lambda (mathDomain_simplify $0 mathDomain_0)) (mathDomain_dist $0 mathDomain_1))) $0)))) (mathDomain_sub $0 mathDomain_6))) (mathDomain_swap $0 mathDomain_4))) (#(lambda (#(lambda (mathDomain_simplify $0 mathDomain_0)) (mathDomain_rrotate $0 mathDomain_4))) (#(lambda (mathDomain_swap (#(lambda (mathDomain_simplify $0 mathDomain_0)) $0) mathDomain_0)) $0)))) (mathDomain_swap $0 mathDomain_2))) (#(lambda (mathDomain_swap (#(lambda (mathDomain_simplify $0 mathDomain_0)) $0) mathDomain_0)) $0))) $0)) ; log prior = -4.558665 ; log likelihood = 0.000000
HIT tr123 w/ (lambda (#(lambda (#(lambda (#(lambda (mathDomain_simplify (mathDomain_rrotate (mathDomain_swap (mathDomain_div $0 mathDomain_2) mathDomain_2) mathDomain_1) mathDomain_0)) (#(lambda (mathDomain_swap (#(lambda (mathDomain_simplify $0 mathDomain_0)) $0) mathDomain_0)) (#(lambda (#(lambda (mathDomain_simplify $0 mathDomain_0)) (mathDomain_rrotate $0 mathDomain_4))) (mathDomain_sub $0 mathDomain_6))))) (mathDomain_swap $0 mathDomain_2))) $0)) ; log prior = -4.462164 ; log likelihood = 0.000000
HIT tr124 w/ (lambda (#(lambda (#(lambda (mathDomain_swap (#(lambda (mathDomain_simplify $0 mathDomain_0)) $0) mathDomain_0)) (#(lambda (#(lambda (mathDomain_simplify $0 mathDomain_0)) (mathDomain_rrotate $0 mathDomain_4))) (mathDomain_sub (#(lambda (mathDomain_swap (#(lambda (mathDomain_simplify $0 mathDomain_0)) $0) mathDomain_0)) $0) mathDomain_4)))) $0)) ; log prior = -4.821020 ; log likelihood = 0.000000
HIT tr125 w/ (lambda (#(lambda (#(lambda (#(lambda (mathDomain_simplify (mathDomain_rrotate (mathDomain_swap (mathDomain_div $0 mathDomain_2) mathDomain_2) mathDomain_1) mathDomain_0)) (#(lambda (#(lambda (mathDomain_simplify $0 mathDomain_0)) (mathDomain_rrotate $0 mathDomain_4))) (mathDomain_mult (#(lambda (mathDomain_swap (#(lambda (mathDomain_simplify $0 mathDomain_0)) $0) mathDomain_0)) $0) mathDomain_4)))) (#(lambda (#(lambda (mathDomain_simplify (mathDomain_rrotate (mathDomain_swap (mathDomain_div $0 mathDomain_2) mathDomain_2) mathDomain_1) mathDomain_0)) (#(lambda (mathDomain_swap (#(lambda (mathDomain_simplify $0 mathDomain_0)) $0) mathDomain_0)) (#(lambda (#(lambda (mathDomain_simplify $0 mathDomain_0)) (mathDomain_rrotate $0 mathDomain_4))) (mathDomain_sub $0 mathDomain_6))))) $0))) $0)) ; log prior = -4.822885 ; log likelihood = 0.000000
MISS tr126
HIT tr127 w/ (lambda (#(lambda (#(lambda (#(lambda (mathDomain_simplify (mathDomain_rrotate (mathDomain_swap (mathDomain_div $0 mathDomain_2) mathDomain_2) mathDomain_1) mathDomain_0)) (#(lambda (mathDomain_swap (#(lambda (mathDomain_simplify $0 mathDomain_0)) $0) mathDomain_0)) (#(lambda (#(lambda (mathDomain_simplify $0 mathDomain_0)) (mathDomain_rrotate $0 mathDomain_4))) $0)))) (mathDomain_mult $0 mathDomain_6))) $0)) ; log prior = -6.118210 ; log likelihood = 0.000000
MISS tr128
HIT tr129 w/ (lambda (#(lambda (#(lambda (#(lambda (mathDomain_simplify (mathDomain_rrotate (mathDomain_swap (mathDomain_div $0 mathDomain_2) mathDomain_2) mathDomain_1) mathDomain_0)) (#(lambda (#(lambda (mathDomain_simplify $0 mathDomain_0)) (mathDomain_rrotate $0 mathDomain_4))) (#(lambda (#(lambda (mathDomain_simplify $0 mathDomain_0)) (mathDomain_dist $0 mathDomain_1))) $0)))) (#(lambda (mathDomain_swap (#(lambda (mathDomain_simplify $0 mathDomain_0)) $0) mathDomain_0)) $0))) $0)) ; log prior = -4.115064 ; log likelihood = 0.000000
HIT tr130 w/ (lambda (#(lambda (#(lambda (#(lambda (mathDomain_simplify (mathDomain_rrotate (mathDomain_swap (mathDomain_div $0 mathDomain_2) mathDomain_2) mathDomain_1) mathDomain_0)) (#(lambda (#(lambda (mathDomain_simplify $0 mathDomain_0)) (mathDomain_rrotate $0 mathDomain_4))) (mathDomain_mult (#(lambda (mathDomain_swap (#(lambda (mathDomain_simplify $0 mathDomain_0)) $0) mathDomain_0)) $0) mathDomain_4)))) (#(lambda (#(lambda (#(lambda (mathDomain_simplify (mathDomain_rrotate (mathDomain_swap (mathDomain_div $0 mathDomain_2) mathDomain_2) mathDomain_1) mathDomain_0)) (#(lambda (mathDomain_swap (#(lambda (mathDomain_simplify $0 mathDomain_0)) $0) mathDomain_0)) (#(lambda (#(lambda (mathDomain_simplify $0 mathDomain_0)) (mathDomain_rrotate $0 mathDomain_4))) (mathDomain_sub $0 mathDomain_6))))) (mathDomain_swap $0 mathDomain_2))) $0))) $0)) ; log prior = -4.951095 ; log likelihood = 0.000000
HIT tr131 w/ (lambda (#(lambda (lambda (#(lambda (#(lambda (#(lambda (mathDomain_simplify (mathDomain_rrotate (mathDomain_swap (mathDomain_div $0 mathDomain_2) mathDomain_2) mathDomain_1) mathDomain_0)) (#(lambda (#(lambda (mathDomain_simplify $0 mathDomain_0)) (mathDomain_rrotate $0 mathDomain_4))) (#(lambda (#(lambda (mathDomain_simplify $0 mathDomain_0)) (mathDomain_dist $0 mathDomain_1))) $0)))) (#(lambda (mathDomain_swap (#(lambda (mathDomain_simplify $0 mathDomain_0)) $0) mathDomain_0)) $0))) (#(lambda (#(lambda (mathDomain_simplify $0 mathDomain_0)) (mathDomain_rrotate $0 mathDomain_4))) (mathDomain_add $0 $1))))) mathDomain_3 $0)) ; log prior = -7.248781 ; log likelihood = 0.000000
HIT tr132 w/ (lambda (#(lambda (#(lambda (#(lambda (#(lambda (mathDomain_simplify (mathDomain_rrotate (mathDomain_swap (mathDomain_div $0 mathDomain_2) mathDomain_2) mathDomain_1) mathDomain_0)) (#(lambda (#(lambda (mathDomain_simplify $0 mathDomain_0)) (mathDomain_rrotate $0 mathDomain_4))) (mathDomain_mult (#(lambda (mathDomain_swap (#(lambda (mathDomain_simplify $0 mathDomain_0)) $0) mathDomain_0)) $0) mathDomain_4)))) (#(lambda (#(lambda (#(lambda (mathDomain_simplify (mathDomain_rrotate (mathDomain_swap (mathDomain_div $0 mathDomain_2) mathDomain_2) mathDomain_1) mathDomain_0)) (#(lambda (mathDomain_swap (#(lambda (mathDomain_simplify $0 mathDomain_0)) $0) mathDomain_0)) (#(lambda (#(lambda (mathDomain_simplify $0 mathDomain_0)) (mathDomain_rrotate $0 mathDomain_4))) (mathDomain_sub $0 mathDomain_6))))) (mathDomain_swap $0 mathDomain_2))) $0))) (#(lambda (mathDomain_swap (#(lambda (mathDomain_simplify $0 mathDomain_0)) $0) mathDomain_0)) $0))) $0)) ; log prior = -5.084604 ; log likelihood = 0.000000
HIT tr133 w/ (lambda (#(lambda (#(lambda (mathDomain_simplify $0 mathDomain_0)) (mathDomain_dist $0 mathDomain_1))) $0)) ; log prior = -3.991443 ; log likelihood = 0.000000
HIT tr134 w/ (lambda (#(lambda (#(lambda (#(lambda (mathDomain_simplify (mathDomain_rrotate (mathDomain_swap (mathDomain_div $0 mathDomain_2) mathDomain_2) mathDomain_1) mathDomain_0)) (#(lambda (mathDomain_swap (#(lambda (mathDomain_simplify $0 mathDomain_0)) $0) mathDomain_0)) (#(lambda (#(lambda (mathDomain_simplify $0 mathDomain_0)) (mathDomain_rrotate $0 mathDomain_4))) (mathDomain_sub $0 mathDomain_6))))) (mathDomain_swap $0 mathDomain_2))) $0)) ; log prior = -4.468011 ; log likelihood = 0.000000
HIT tr135 w/ (lambda (#(lambda (#(lambda (#(lambda (#(lambda (mathDomain_simplify (mathDomain_rrotate (mathDomain_swap (mathDomain_div $0 mathDomain_2) mathDomain_2) mathDomain_1) mathDomain_0)) (#(lambda (#(lambda (mathDomain_simplify $0 mathDomain_0)) (mathDomain_rrotate $0 mathDomain_4))) (mathDomain_mult (#(lambda (mathDomain_swap (#(lambda (mathDomain_simplify $0 mathDomain_0)) $0) mathDomain_0)) $0) mathDomain_4)))) (#(lambda (#(lambda (#(lambda (mathDomain_simplify (mathDomain_rrotate (mathDomain_swap (mathDomain_div $0 mathDomain_2) mathDomain_2) mathDomain_1) mathDomain_0)) (#(lambda (mathDomain_swap (#(lambda (mathDomain_simplify $0 mathDomain_0)) $0) mathDomain_0)) (#(lambda (#(lambda (mathDomain_simplify $0 mathDomain_0)) (mathDomain_rrotate $0 mathDomain_4))) (mathDomain_sub $0 mathDomain_6))))) (mathDomain_swap $0 mathDomain_2))) $0))) (#(lambda (mathDomain_swap (#(lambda (mathDomain_simplify $0 mathDomain_0)) $0) mathDomain_0)) $0))) $0)) ; log prior = -5.098411 ; log likelihood = 0.000000
MISS tr136
HIT tr137 w/ (lambda (#(lambda (#(lambda (#(lambda (#(lambda (#(lambda (#(lambda (mathDomain_simplify (mathDomain_rrotate (mathDomain_swap (mathDomain_div $0 mathDomain_2) mathDomain_2) mathDomain_1) mathDomain_0)) (#(lambda (#(lambda (mathDomain_simplify $0 mathDomain_0)) (mathDomain_rrotate $0 mathDomain_4))) (#(lambda (#(lambda (mathDomain_simplify $0 mathDomain_0)) (mathDomain_dist $0 mathDomain_1))) $0)))) (mathDomain_sub $0 mathDomain_6))) (mathDomain_swap $0 mathDomain_4))) (#(lambda (#(lambda (mathDomain_simplify $0 mathDomain_0)) (mathDomain_rrotate $0 mathDomain_4))) (#(lambda (mathDomain_swap (#(lambda (mathDomain_simplify $0 mathDomain_0)) $0) mathDomain_0)) $0)))) (mathDomain_swap $0 mathDomain_2))) $0)) ; log prior = -5.322769 ; log likelihood = 0.000000
MISS tr138
HIT tr139 w/ (lambda (#(lambda (#(lambda (mathDomain_simplify (mathDomain_rrotate (mathDomain_swap (mathDomain_div $0 mathDomain_2) mathDomain_2) mathDomain_1) mathDomain_0)) (#(lambda (#(lambda (mathDomain_simplify $0 mathDomain_0)) (mathDomain_rrotate $0 mathDomain_4))) (#(lambda (#(lambda (mathDomain_simplify $0 mathDomain_0)) (mathDomain_dist $0 mathDomain_1))) $0)))) (mathDomain_add $0 mathDomain_6))) ; log prior = -10.392654 ; log likelihood = 0.000000
MISS tr140
MISS tr141
MISS tr142
MISS tr143
MISS tr144
HIT tr145 w/ (lambda (#(lambda (#(lambda (#(lambda (mathDomain_simplify (mathDomain_rrotate (mathDomain_swap (mathDomain_div $0 mathDomain_2) mathDomain_2) mathDomain_1) mathDomain_0)) (#(lambda (#(lambda (mathDomain_simplify $0 mathDomain_0)) (mathDomain_rrotate $0 mathDomain_4))) (mathDomain_mult (#(lambda (mathDomain_swap (#(lambda (mathDomain_simplify $0 mathDomain_0)) $0) mathDomain_0)) $0) mathDomain_4)))) (#(lambda (#(lambda (mathDomain_simplify (mathDomain_rrotate (mathDomain_swap (mathDomain_div $0 mathDomain_2) mathDomain_2) mathDomain_1) mathDomain_0)) (#(lambda (mathDomain_swap (#(lambda (mathDomain_simplify $0 mathDomain_0)) $0) mathDomain_0)) (#(lambda (#(lambda (mathDomain_simplify $0 mathDomain_0)) (mathDomain_rrotate $0 mathDomain_4))) (mathDomain_sub $0 mathDomain_6))))) (#(lambda (mathDomain_swap (#(lambda (mathDomain_simplify $0 mathDomain_0)) $0) mathDomain_0)) $0)))) $0)) ; log prior = -4.009797 ; log likelihood = 0.000000
MISS tr146
HIT tr147 w/ (lambda (#(lambda (lambda (#(lambda (#(lambda (#(lambda (mathDomain_simplify (mathDomain_rrotate (mathDomain_swap (mathDomain_div $0 mathDomain_2) mathDomain_2) mathDomain_1) mathDomain_0)) (#(lambda (#(lambda (mathDomain_simplify $0 mathDomain_0)) (mathDomain_rrotate $0 mathDomain_4))) (#(lambda (#(lambda (mathDomain_simplify $0 mathDomain_0)) (mathDomain_dist $0 mathDomain_1))) $0)))) (#(lambda (mathDomain_swap (#(lambda (mathDomain_simplify $0 mathDomain_0)) $0) mathDomain_0)) $0))) (#(lambda (#(lambda (mathDomain_simplify $0 mathDomain_0)) (mathDomain_rrotate $0 mathDomain_4))) (mathDomain_add $0 $1))))) mathDomain_3 $0)) ; log prior = -7.290946 ; log likelihood = 0.000000
MISS tr148
HIT tr149 w/ (lambda (#(lambda (#(lambda (#(lambda (#(lambda (mathDomain_simplify (mathDomain_rrotate (mathDomain_swap (mathDomain_div $0 mathDomain_2) mathDomain_2) mathDomain_1) mathDomain_0)) (#(lambda (#(lambda (mathDomain_simplify $0 mathDomain_0)) (mathDomain_rrotate $0 mathDomain_4))) (mathDomain_mult (#(lambda (mathDomain_swap (#(lambda (mathDomain_simplify $0 mathDomain_0)) $0) mathDomain_0)) $0) mathDomain_4)))) (#(lambda (#(lambda (#(lambda (mathDomain_simplify (mathDomain_rrotate (mathDomain_swap (mathDomain_div $0 mathDomain_2) mathDomain_2) mathDomain_1) mathDomain_0)) (#(lambda (mathDomain_swap (#(lambda (mathDomain_simplify $0 mathDomain_0)) $0) mathDomain_0)) (#(lambda (#(lambda (mathDomain_simplify $0 mathDomain_0)) (mathDomain_rrotate $0 mathDomain_4))) (mathDomain_sub $0 mathDomain_6))))) (mathDomain_swap $0 mathDomain_2))) $0))) (#(lambda (mathDomain_swap (#(lambda (mathDomain_simplify $0 mathDomain_0)) $0) mathDomain_0)) $0))) $0)) ; log prior = -5.062261 ; log likelihood = 0.000000
HIT tr150 w/ (lambda (#(lambda (#(lambda (#(lambda (#(lambda (#(lambda (#(lambda (mathDomain_simplify (mathDomain_rrotate (mathDomain_swap (mathDomain_div $0 mathDomain_2) mathDomain_2) mathDomain_1) mathDomain_0)) (#(lambda (#(lambda (mathDomain_simplify $0 mathDomain_0)) (mathDomain_rrotate $0 mathDomain_4))) (#(lambda (#(lambda (mathDomain_simplify $0 mathDomain_0)) (mathDomain_dist $0 mathDomain_1))) $0)))) (mathDomain_sub $0 mathDomain_6))) (mathDomain_swap $0 mathDomain_4))) (#(lambda (#(lambda (mathDomain_simplify $0 mathDomain_0)) (mathDomain_rrotate $0 mathDomain_4))) (#(lambda (mathDomain_swap (#(lambda (mathDomain_simplify $0 mathDomain_0)) $0) mathDomain_0)) $0)))) (mathDomain_swap $0 mathDomain_2))) $0)) ; log prior = -5.340916 ; log likelihood = 0.000000
MISS tr151
MISS tr152
HIT tr153 w/ (lambda (#(lambda (#(lambda (mathDomain_simplify (mathDomain_rrotate (mathDomain_swap (mathDomain_div $0 mathDomain_2) mathDomain_2) mathDomain_1) mathDomain_0)) (#(lambda (#(lambda (mathDomain_simplify $0 mathDomain_0)) (mathDomain_rrotate $0 mathDomain_4))) (#(lambda (#(lambda (mathDomain_simplify $0 mathDomain_0)) (mathDomain_dist $0 mathDomain_1))) $0)))) $0)) ; log prior = -4.300293 ; log likelihood = 0.000000
MISS tr154
HIT tr155 w/ (lambda (#(lambda (#(lambda (mathDomain_simplify (mathDomain_rrotate (mathDomain_swap (mathDomain_div $0 mathDomain_2) mathDomain_2) mathDomain_1) mathDomain_0)) (#(lambda (mathDomain_swap (#(lambda (mathDomain_simplify $0 mathDomain_0)) $0) mathDomain_0)) (#(lambda (#(lambda (mathDomain_simplify $0 mathDomain_0)) (mathDomain_rrotate $0 mathDomain_4))) (mathDomain_sub $0 mathDomain_6))))) $0)) ; log prior = -4.257523 ; log likelihood = 0.000000
MISS tr156
MISS tr157
HIT tr158 w/ (lambda (#(lambda (#(lambda (#(lambda (mathDomain_simplify (mathDomain_rrotate (mathDomain_swap (mathDomain_div $0 mathDomain_2) mathDomain_2) mathDomain_1) mathDomain_0)) (#(lambda (#(lambda (mathDomain_simplify $0 mathDomain_0)) (mathDomain_rrotate $0 mathDomain_4))) (mathDomain_mult (#(lambda (mathDomain_swap (#(lambda (mathDomain_simplify $0 mathDomain_0)) $0) mathDomain_0)) $0) mathDomain_4)))) (#(lambda (#(lambda (mathDomain_simplify (mathDomain_rrotate (mathDomain_swap (mathDomain_div $0 mathDomain_2) mathDomain_2) mathDomain_1) mathDomain_0)) (#(lambda (mathDomain_swap (#(lambda (mathDomain_simplify $0 mathDomain_0)) $0) mathDomain_0)) (#(lambda (#(lambda (mathDomain_simplify $0 mathDomain_0)) (mathDomain_rrotate $0 mathDomain_4))) (mathDomain_sub $0 mathDomain_6))))) $0))) $0)) ; log prior = -4.816006 ; log likelihood = 0.000000
MISS tr159
MISS tr160
MISS tr161
MISS tr162
MISS tr163
HIT tr164 w/ (lambda (#(lambda (#(lambda (#(lambda (mathDomain_simplify (mathDomain_rrotate (mathDomain_swap (mathDomain_div $0 mathDomain_2) mathDomain_2) mathDomain_1) mathDomain_0)) (#(lambda (#(lambda (mathDomain_simplify $0 mathDomain_0)) (mathDomain_rrotate $0 mathDomain_4))) (mathDomain_mult (#(lambda (mathDomain_swap (#(lambda (mathDomain_simplify $0 mathDomain_0)) $0) mathDomain_0)) $0) mathDomain_4)))) (#(lambda (#(lambda (mathDomain_simplify (mathDomain_rrotate (mathDomain_swap (mathDomain_div $0 mathDomain_2) mathDomain_2) mathDomain_1) mathDomain_0)) (#(lambda (mathDomain_swap (#(lambda (mathDomain_simplify $0 mathDomain_0)) $0) mathDomain_0)) (#(lambda (#(lambda (mathDomain_simplify $0 mathDomain_0)) (mathDomain_rrotate $0 mathDomain_4))) (mathDomain_sub $0 mathDomain_6))))) (#(lambda (mathDomain_swap (#(lambda (mathDomain_simplify $0 mathDomain_0)) $0) mathDomain_0)) $0)))) $0)) ; log prior = -4.022115 ; log likelihood = 0.000000
MISS tr165
HIT tr166 w/ (lambda (#(lambda (#(lambda (#(lambda (#(lambda (#(lambda (#(lambda (#(lambda (mathDomain_simplify (mathDomain_rrotate (mathDomain_swap (mathDomain_div $0 mathDomain_2) mathDomain_2) mathDomain_1) mathDomain_0)) (#(lambda (#(lambda (mathDomain_simplify $0 mathDomain_0)) (mathDomain_rrotate $0 mathDomain_4))) (#(lambda (#(lambda (mathDomain_simplify $0 mathDomain_0)) (mathDomain_dist $0 mathDomain_1))) $0)))) (mathDomain_sub $0 mathDomain_6))) (mathDomain_swap $0 mathDomain_4))) (#(lambda (#(lambda (mathDomain_simplify $0 mathDomain_0)) (mathDomain_rrotate $0 mathDomain_4))) (#(lambda (mathDomain_swap (#(lambda (mathDomain_simplify $0 mathDomain_0)) $0) mathDomain_0)) $0)))) (mathDomain_swap $0 mathDomain_2))) (#(lambda (mathDomain_swap (#(lambda (mathDomain_simplify $0 mathDomain_0)) $0) mathDomain_0)) $0))) $0)) ; log prior = -4.581786 ; log likelihood = 0.000000
HIT tr167 w/ (lambda (#(lambda (#(lambda (mathDomain_simplify (mathDomain_rrotate (mathDomain_swap (mathDomain_div $0 mathDomain_2) mathDomain_2) mathDomain_1) mathDomain_0)) (#(lambda (mathDomain_swap (#(lambda (mathDomain_simplify $0 mathDomain_0)) $0) mathDomain_0)) (#(lambda (#(lambda (mathDomain_simplify $0 mathDomain_0)) (mathDomain_rrotate $0 mathDomain_4))) (mathDomain_sub $0 mathDomain_6))))) $0)) ; log prior = -4.302261 ; log likelihood = 0.000000
HIT tr168 w/ (lambda (#(lambda (#(lambda (#(lambda (mathDomain_simplify (mathDomain_rrotate (mathDomain_swap (mathDomain_div $0 mathDomain_2) mathDomain_2) mathDomain_1) mathDomain_0)) (#(lambda (#(lambda (mathDomain_simplify $0 mathDomain_0)) (mathDomain_rrotate $0 mathDomain_4))) (#(lambda (#(lambda (mathDomain_simplify $0 mathDomain_0)) (mathDomain_dist $0 mathDomain_1))) $0)))) (#(lambda (mathDomain_swap (#(lambda (mathDomain_simplify $0 mathDomain_0)) $0) mathDomain_0)) $0))) $0)) ; log prior = -4.102767 ; log likelihood = 0.000000
HIT tr169 w/ (lambda (#(lambda (#(lambda (#(lambda (mathDomain_simplify (mathDomain_rrotate (mathDomain_swap (mathDomain_div $0 mathDomain_2) mathDomain_2) mathDomain_1) mathDomain_0)) (#(lambda (#(lambda (mathDomain_simplify $0 mathDomain_0)) (mathDomain_rrotate $0 mathDomain_4))) (#(lambda (#(lambda (mathDomain_simplify $0 mathDomain_0)) (mathDomain_dist $0 mathDomain_1))) $0)))) (#(lambda (mathDomain_swap (#(lambda (mathDomain_simplify $0 mathDomain_0)) $0) mathDomain_0)) $0))) $0)) ; log prior = -4.138913 ; log likelihood = 0.000000
HIT tr170 w/ (lambda (#(lambda (#(lambda (mathDomain_simplify (mathDomain_rrotate (mathDomain_swap (mathDomain_div $0 mathDomain_2) mathDomain_2) mathDomain_1) mathDomain_0)) (#(lambda (mathDomain_swap (#(lambda (mathDomain_simplify $0 mathDomain_0)) $0) mathDomain_0)) (#(lambda (#(lambda (mathDomain_simplify $0 mathDomain_0)) (mathDomain_rrotate $0 mathDomain_4))) (mathDomain_sub $0 mathDomain_6))))) $0)) ; log prior = -4.358407 ; log likelihood = 0.000000
HIT tr171 w/ (lambda (#(lambda (#(lambda (#(lambda (mathDomain_simplify $0 mathDomain_0)) (mathDomain_rrotate $0 mathDomain_4))) (mathDomain_mult $0 mathDomain_4))) $0)) ; log prior = -6.207409 ; log likelihood = 0.000000
HIT tr172 w/ (lambda (#(lambda (#(lambda (mathDomain_simplify (mathDomain_rrotate (mathDomain_swap (mathDomain_div $0 mathDomain_2) mathDomain_2) mathDomain_1) mathDomain_0)) (#(lambda (mathDomain_swap (#(lambda (mathDomain_simplify $0 mathDomain_0)) $0) mathDomain_0)) (#(lambda (#(lambda (mathDomain_simplify $0 mathDomain_0)) (mathDomain_rrotate $0 mathDomain_4))) (mathDomain_sub $0 mathDomain_6))))) $0)) ; log prior = -4.274217 ; log likelihood = 0.000000
HIT tr173 w/ (lambda (#(lambda (#(lambda (mathDomain_simplify (mathDomain_rrotate (mathDomain_swap (mathDomain_div $0 mathDomain_2) mathDomain_2) mathDomain_1) mathDomain_0)) (#(lambda (#(lambda (mathDomain_simplify $0 mathDomain_0)) (mathDomain_rrotate $0 mathDomain_4))) (mathDomain_mult (#(lambda (mathDomain_swap (#(lambda (mathDomain_simplify $0 mathDomain_0)) $0) mathDomain_0)) $0) mathDomain_4)))) $0)) ; log prior = -3.997455 ; log likelihood = 0.000000
HIT tr174 w/ (lambda (#(lambda (#(lambda (#(lambda (mathDomain_simplify (mathDomain_rrotate (mathDomain_swap (mathDomain_div $0 mathDomain_2) mathDomain_2) mathDomain_1) mathDomain_0)) (#(lambda (#(lambda (mathDomain_simplify $0 mathDomain_0)) (mathDomain_rrotate $0 mathDomain_4))) (#(lambda (#(lambda (mathDomain_simplify $0 mathDomain_0)) (mathDomain_dist $0 mathDomain_1))) $0)))) (#(lambda (mathDomain_swap (#(lambda (mathDomain_simplify $0 mathDomain_0)) $0) mathDomain_0)) $0))) $0)) ; log prior = -4.062105 ; log likelihood = 0.000000
HIT tr175 w/ (lambda (#(lambda (#(lambda (#(lambda (#(lambda (#(lambda (mathDomain_simplify (mathDomain_rrotate (mathDomain_swap (mathDomain_div $0 mathDomain_2) mathDomain_2) mathDomain_1) mathDomain_0)) (#(lambda (#(lambda (mathDomain_simplify $0 mathDomain_0)) (mathDomain_rrotate $0 mathDomain_4))) (#(lambda (#(lambda (mathDomain_simplify $0 mathDomain_0)) (mathDomain_dist $0 mathDomain_1))) $0)))) (mathDomain_sub $0 mathDomain_6))) (mathDomain_swap $0 mathDomain_4))) (#(lambda (#(lambda (mathDomain_simplify $0 mathDomain_0)) (mathDomain_rrotate $0 mathDomain_4))) (#(lambda (mathDomain_swap (#(lambda (mathDomain_simplify $0 mathDomain_0)) $0) mathDomain_0)) $0)))) (#(lambda (#(lambda (mathDomain_simplify (mathDomain_rrotate (mathDomain_swap (mathDomain_div $0 mathDomain_2) mathDomain_2) mathDomain_1) mathDomain_0)) (#(lambda (#(lambda (mathDomain_simplify $0 mathDomain_0)) (mathDomain_rrotate $0 mathDomain_4))) (#(lambda (#(lambda (mathDomain_simplify $0 mathDomain_0)) (mathDomain_dist $0 mathDomain_1))) $0)))) $0))) ; log prior = -8.539667 ; log likelihood = 0.000000
MISS tr176
HIT tr177 w/ (lambda (#(lambda (#(lambda (#(lambda (mathDomain_simplify (mathDomain_rrotate (mathDomain_swap (mathDomain_div $0 mathDomain_2) mathDomain_2) mathDomain_1) mathDomain_0)) (#(lambda (#(lambda (mathDomain_simplify $0 mathDomain_0)) (mathDomain_rrotate $0 mathDomain_4))) (#(lambda (#(lambda (mathDomain_simplify $0 mathDomain_0)) (mathDomain_dist $0 mathDomain_1))) $0)))) (#(lambda (mathDomain_swap (#(lambda (mathDomain_simplify $0 mathDomain_0)) $0) mathDomain_0)) $0))) $0)) ; log prior = -4.045053 ; log likelihood = 0.000000
MISS tr178
MISS tr179
MISS tr180
MISS tr181
MISS tr182
MISS tr183
HIT tr184 w/ (lambda (#(lambda (#(lambda (mathDomain_simplify (mathDomain_rrotate (mathDomain_swap (mathDomain_div $0 mathDomain_2) mathDomain_2) mathDomain_1) mathDomain_0)) (#(lambda (#(lambda (mathDomain_simplify $0 mathDomain_0)) (mathDomain_rrotate $0 mathDomain_4))) (mathDomain_mult (#(lambda (mathDomain_swap (#(lambda (mathDomain_simplify $0 mathDomain_0)) $0) mathDomain_0)) $0) mathDomain_4)))) $0)) ; log prior = -3.937451 ; log likelihood = 0.000000
HIT tr185 w/ (lambda (#(lambda (#(lambda (mathDomain_simplify $0 mathDomain_0)) (mathDomain_dist $0 mathDomain_1))) $0)) ; log prior = -3.982295 ; log likelihood = 0.000000
HIT tr186 w/ (lambda (#(lambda (#(lambda (#(lambda (#(lambda (#(lambda (mathDomain_simplify (mathDomain_rrotate (mathDomain_swap (mathDomain_div $0 mathDomain_2) mathDomain_2) mathDomain_1) mathDomain_0)) (#(lambda (#(lambda (mathDomain_simplify $0 mathDomain_0)) (mathDomain_rrotate $0 mathDomain_4))) (#(lambda (#(lambda (mathDomain_simplify $0 mathDomain_0)) (mathDomain_dist $0 mathDomain_1))) $0)))) (mathDomain_sub $0 mathDomain_6))) (mathDomain_swap $0 mathDomain_4))) (#(lambda (#(lambda (mathDomain_simplify $0 mathDomain_0)) (mathDomain_rrotate $0 mathDomain_4))) (#(lambda (mathDomain_swap (#(lambda (mathDomain_simplify $0 mathDomain_0)) $0) mathDomain_0)) $0)))) $0)) ; log prior = -4.562355 ; log likelihood = 0.000000
HIT tr187 w/ (lambda (#(lambda (#(lambda (mathDomain_simplify $0 mathDomain_0)) (mathDomain_dist $0 mathDomain_1))) $0)) ; log prior = -4.062319 ; log likelihood = 0.000000
MISS tr188
HIT tr189 w/ (lambda (#(lambda (#(lambda (mathDomain_simplify (mathDomain_rrotate (mathDomain_swap (mathDomain_div $0 mathDomain_2) mathDomain_2) mathDomain_1) mathDomain_0)) (#(lambda (mathDomain_swap (#(lambda (mathDomain_simplify $0 mathDomain_0)) $0) mathDomain_0)) (#(lambda (#(lambda (mathDomain_simplify $0 mathDomain_0)) (mathDomain_rrotate $0 mathDomain_4))) (mathDomain_sub $0 mathDomain_6))))) $0)) ; log prior = -4.371934 ; log likelihood = 0.000000
HIT tr190 w/ (lambda (#(lambda (#(lambda (#(lambda (mathDomain_simplify (mathDomain_rrotate (mathDomain_swap (mathDomain_div $0 mathDomain_2) mathDomain_2) mathDomain_1) mathDomain_0)) (#(lambda (mathDomain_swap (#(lambda (mathDomain_simplify $0 mathDomain_0)) $0) mathDomain_0)) (#(lambda (#(lambda (mathDomain_simplify $0 mathDomain_0)) (mathDomain_rrotate $0 mathDomain_4))) (mathDomain_sub $0 mathDomain_6))))) (#(lambda (mathDomain_swap (#(lambda (mathDomain_simplify $0 mathDomain_0)) $0) mathDomain_0)) $0))) $0)) ; log prior = -4.646210 ; log likelihood = 0.000000
MISS tr191
MISS tr192
MISS tr193
MISS tr194
MISS tr195
HIT tr196 w/ (lambda (#(lambda (#(lambda (mathDomain_simplify (mathDomain_rrotate (mathDomain_swap (mathDomain_div $0 mathDomain_2) mathDomain_2) mathDomain_1) mathDomain_0)) (#(lambda (#(lambda (mathDomain_simplify $0 mathDomain_0)) (mathDomain_rrotate $0 mathDomain_4))) (#(lambda (#(lambda (mathDomain_simplify $0 mathDomain_0)) (mathDomain_dist $0 mathDomain_1))) $0)))) $0)) ; log prior = -4.326269 ; log likelihood = 0.000000
HIT tr197 w/ (lambda (#(lambda (#(lambda (#(lambda (mathDomain_simplify (mathDomain_rrotate (mathDomain_swap (mathDomain_div $0 mathDomain_2) mathDomain_2) mathDomain_1) mathDomain_0)) (#(lambda (#(lambda (mathDomain_simplify $0 mathDomain_0)) (mathDomain_rrotate $0 mathDomain_4))) (mathDomain_mult (#(lambda (mathDomain_swap (#(lambda (mathDomain_simplify $0 mathDomain_0)) $0) mathDomain_0)) $0) mathDomain_4)))) (#(lambda (#(lambda (mathDomain_simplify (mathDomain_rrotate (mathDomain_swap (mathDomain_div $0 mathDomain_2) mathDomain_2) mathDomain_1) mathDomain_0)) (#(lambda (mathDomain_swap (#(lambda (mathDomain_simplify $0 mathDomain_0)) $0) mathDomain_0)) (#(lambda (#(lambda (mathDomain_simplify $0 mathDomain_0)) (mathDomain_rrotate $0 mathDomain_4))) (mathDomain_sub $0 mathDomain_6))))) (#(lambda (mathDomain_swap (#(lambda (mathDomain_simplify $0 mathDomain_0)) $0) mathDomain_0)) $0)))) $0)) ; log prior = -4.019387 ; log likelihood = 0.000000
HIT tr198 w/ (lambda (#(lambda (#(lambda (#(lambda (mathDomain_simplify (mathDomain_rrotate (mathDomain_swap (mathDomain_div $0 mathDomain_2) mathDomain_2) mathDomain_1) mathDomain_0)) (#(lambda (#(lambda (mathDomain_simplify $0 mathDomain_0)) (mathDomain_rrotate $0 mathDomain_4))) (mathDomain_mult (#(lambda (mathDomain_swap (#(lambda (mathDomain_simplify $0 mathDomain_0)) $0) mathDomain_0)) $0) mathDomain_4)))) (#(lambda (#(lambda (mathDomain_simplify (mathDomain_rrotate (mathDomain_swap (mathDomain_div $0 mathDomain_2) mathDomain_2) mathDomain_1) mathDomain_0)) (#(lambda (mathDomain_swap (#(lambda (mathDomain_simplify $0 mathDomain_0)) $0) mathDomain_0)) (#(lambda (#(lambda (mathDomain_simplify $0 mathDomain_0)) (mathDomain_rrotate $0 mathDomain_4))) (mathDomain_sub $0 mathDomain_6))))) $0))) $0)) ; log prior = -4.783786 ; log likelihood = 0.000000
HIT tr199 w/ (lambda (#(lambda (#(lambda (#(lambda (mathDomain_simplify $0 mathDomain_0)) (mathDomain_rrotate $0 mathDomain_4))) (mathDomain_mult $0 mathDomain_4))) (#(lambda (#(lambda (mathDomain_simplify $0 mathDomain_0)) (mathDomain_dist $0 mathDomain_1))) $0))) ; log prior = -10.007168 ; log likelihood = 0.000000
MISS tr200
HIT tr201 w/ (lambda (#(lambda (lambda (#(lambda (#(lambda (#(lambda (mathDomain_simplify (mathDomain_rrotate (mathDomain_swap (mathDomain_div $0 mathDomain_2) mathDomain_2) mathDomain_1) mathDomain_0)) (#(lambda (#(lambda (mathDomain_simplify $0 mathDomain_0)) (mathDomain_rrotate $0 mathDomain_4))) (#(lambda (#(lambda (mathDomain_simplify $0 mathDomain_0)) (mathDomain_dist $0 mathDomain_1))) $0)))) (#(lambda (mathDomain_swap (#(lambda (mathDomain_simplify $0 mathDomain_0)) $0) mathDomain_0)) $0))) (#(lambda (#(lambda (mathDomain_simplify $0 mathDomain_0)) (mathDomain_rrotate $0 mathDomain_4))) (mathDomain_add $0 $1))))) mathDomain_6 $0)) ; log prior = -5.684119 ; log likelihood = 0.000000
MISS tr202
MISS tr203
MISS tr204
MISS tr205
MISS tr206
HIT tr207 w/ (lambda (#(lambda (lambda (#(lambda (#(lambda (#(lambda (mathDomain_simplify (mathDomain_rrotate (mathDomain_swap (mathDomain_div $0 mathDomain_2) mathDomain_2) mathDomain_1) mathDomain_0)) (#(lambda (#(lambda (mathDomain_simplify $0 mathDomain_0)) (mathDomain_rrotate $0 mathDomain_4))) (#(lambda (#(lambda (mathDomain_simplify $0 mathDomain_0)) (mathDomain_dist $0 mathDomain_1))) $0)))) (#(lambda (mathDomain_swap (#(lambda (mathDomain_simplify $0 mathDomain_0)) $0) mathDomain_0)) $0))) (#(lambda (#(lambda (mathDomain_simplify $0 mathDomain_0)) (mathDomain_rrotate $0 mathDomain_4))) (mathDomain_add $0 $1))))) mathDomain_6 $0)) ; log prior = -5.723504 ; log likelihood = 0.000000
MISS tr208
HIT tr209 w/ (lambda (#(lambda (#(lambda (#(lambda (mathDomain_simplify (mathDomain_rrotate (mathDomain_swap (mathDomain_div $0 mathDomain_2) mathDomain_2) mathDomain_1) mathDomain_0)) (#(lambda (mathDomain_swap (#(lambda (mathDomain_simplify $0 mathDomain_0)) $0) mathDomain_0)) (#(lambda (#(lambda (mathDomain_simplify $0 mathDomain_0)) (mathDomain_rrotate $0 mathDomain_4))) (mathDomain_sub $0 mathDomain_6))))) (mathDomain_swap $0 mathDomain_2))) $0)) ; log prior = -4.457468 ; log likelihood = 0.000000
HIT tr210 w/ (lambda (#(lambda (#(lambda (#(lambda (mathDomain_simplify (mathDomain_rrotate (mathDomain_swap (mathDomain_div $0 mathDomain_2) mathDomain_2) mathDomain_1) mathDomain_0)) (#(lambda (#(lambda (mathDomain_simplify $0 mathDomain_0)) (mathDomain_rrotate $0 mathDomain_4))) (#(lambda (#(lambda (mathDomain_simplify $0 mathDomain_0)) (mathDomain_dist $0 mathDomain_1))) $0)))) (mathDomain_sub $0 mathDomain_6))) $0)) ; log prior = -5.180159 ; log likelihood = 0.000000
MISS tr211
MISS tr212
MISS tr213
MISS tr214
MISS tr215
MISS tr216
MISS tr217
HIT tr218 w/ (lambda (#(lambda (#(lambda (#(lambda (mathDomain_simplify (mathDomain_rrotate (mathDomain_swap (mathDomain_div $0 mathDomain_2) mathDomain_2) mathDomain_1) mathDomain_0)) (#(lambda (mathDomain_swap (#(lambda (mathDomain_simplify $0 mathDomain_0)) $0) mathDomain_0)) (#(lambda (#(lambda (mathDomain_simplify $0 mathDomain_0)) (mathDomain_rrotate $0 mathDomain_4))) (mathDomain_sub $0 mathDomain_6))))) (mathDomain_swap $0 mathDomain_2))) $0)) ; log prior = -4.473401 ; log likelihood = 0.000000
HIT tr219 w/ (lambda (#(lambda (#(lambda (#(lambda (#(lambda (mathDomain_simplify (mathDomain_rrotate (mathDomain_swap (mathDomain_div $0 mathDomain_2) mathDomain_2) mathDomain_1) mathDomain_0)) (#(lambda (mathDomain_swap (#(lambda (mathDomain_simplify $0 mathDomain_0)) $0) mathDomain_0)) (#(lambda (#(lambda (mathDomain_simplify $0 mathDomain_0)) (mathDomain_rrotate $0 mathDomain_4))) (mathDomain_sub $0 mathDomain_6))))) (mathDomain_swap $0 mathDomain_2))) (#(lambda (mathDomain_swap (#(lambda (mathDomain_simplify $0 mathDomain_0)) $0) mathDomain_0)) $0))) $0)) ; log prior = -4.259766 ; log likelihood = 0.000000
HIT tr220 w/ (lambda (#(lambda (#(lambda (#(lambda (mathDomain_simplify (mathDomain_rrotate (mathDomain_swap (mathDomain_div $0 mathDomain_2) mathDomain_2) mathDomain_1) mathDomain_0)) (#(lambda (#(lambda (mathDomain_simplify $0 mathDomain_0)) (mathDomain_rrotate $0 mathDomain_4))) (mathDomain_mult (#(lambda (mathDomain_swap (#(lambda (mathDomain_simplify $0 mathDomain_0)) $0) mathDomain_0)) $0) mathDomain_4)))) (#(lambda (#(lambda (mathDomain_simplify (mathDomain_rrotate (mathDomain_swap (mathDomain_div $0 mathDomain_2) mathDomain_2) mathDomain_1) mathDomain_0)) (#(lambda (mathDomain_swap (#(lambda (mathDomain_simplify $0 mathDomain_0)) $0) mathDomain_0)) (#(lambda (#(lambda (mathDomain_simplify $0 mathDomain_0)) (mathDomain_rrotate $0 mathDomain_4))) (mathDomain_sub $0 mathDomain_6))))) (#(lambda (mathDomain_swap (#(lambda (mathDomain_simplify $0 mathDomain_0)) $0) mathDomain_0)) $0)))) $0)) ; log prior = -4.023960 ; log likelihood = 0.000000
HIT tr221 w/ (lambda (#(lambda (#(lambda (#(lambda (#(lambda (mathDomain_simplify (mathDomain_rrotate (mathDomain_swap (mathDomain_div $0 mathDomain_2) mathDomain_2) mathDomain_1) mathDomain_0)) (#(lambda (#(lambda (mathDomain_simplify $0 mathDomain_0)) (mathDomain_rrotate $0 mathDomain_4))) (mathDomain_mult (#(lambda (mathDomain_swap (#(lambda (mathDomain_simplify $0 mathDomain_0)) $0) mathDomain_0)) $0) mathDomain_4)))) (#(lambda (#(lambda (#(lambda (mathDomain_simplify (mathDomain_rrotate (mathDomain_swap (mathDomain_div $0 mathDomain_2) mathDomain_2) mathDomain_1) mathDomain_0)) (#(lambda (mathDomain_swap (#(lambda (mathDomain_simplify $0 mathDomain_0)) $0) mathDomain_0)) (#(lambda (#(lambda (mathDomain_simplify $0 mathDomain_0)) (mathDomain_rrotate $0 mathDomain_4))) (mathDomain_sub $0 mathDomain_6))))) (mathDomain_swap $0 mathDomain_2))) $0))) (#(lambda (mathDomain_swap (#(lambda (mathDomain_simplify $0 mathDomain_0)) $0) mathDomain_0)) $0))) $0)) ; log prior = -5.082758 ; log likelihood = 0.000000
MISS tr222
HIT tr223 w/ (lambda (#(lambda (#(lambda (#(lambda (#(lambda (mathDomain_simplify (mathDomain_rrotate (mathDomain_swap (mathDomain_div $0 mathDomain_2) mathDomain_2) mathDomain_1) mathDomain_0)) (#(lambda (#(lambda (mathDomain_simplify $0 mathDomain_0)) (mathDomain_rrotate $0 mathDomain_4))) (mathDomain_mult (#(lambda (mathDomain_swap (#(lambda (mathDomain_simplify $0 mathDomain_0)) $0) mathDomain_0)) $0) mathDomain_4)))) (#(lambda (#(lambda (#(lambda (mathDomain_simplify (mathDomain_rrotate (mathDomain_swap (mathDomain_div $0 mathDomain_2) mathDomain_2) mathDomain_1) mathDomain_0)) (#(lambda (mathDomain_swap (#(lambda (mathDomain_simplify $0 mathDomain_0)) $0) mathDomain_0)) (#(lambda (#(lambda (mathDomain_simplify $0 mathDomain_0)) (mathDomain_rrotate $0 mathDomain_4))) (mathDomain_sub $0 mathDomain_6))))) (mathDomain_swap $0 mathDomain_2))) $0))) (#(lambda (mathDomain_swap (#(lambda (mathDomain_simplify $0 mathDomain_0)) $0) mathDomain_0)) $0))) $0)) ; log prior = -5.047770 ; log likelihood = 0.000000
HIT tr224 w/ (lambda (#(lambda (#(lambda (mathDomain_swap (#(lambda (mathDomain_simplify $0 mathDomain_0)) $0) mathDomain_0)) (#(lambda (#(lambda (mathDomain_simplify $0 mathDomain_0)) (mathDomain_rrotate $0 mathDomain_4))) (mathDomain_sub (#(lambda (mathDomain_swap (#(lambda (mathDomain_simplify $0 mathDomain_0)) $0) mathDomain_0)) $0) mathDomain_4)))) $0)) ; log prior = -4.926434 ; log likelihood = 0.000000
HIT tr225 w/ (lambda (#(lambda (#(lambda (#(lambda (#(lambda (mathDomain_simplify (mathDomain_rrotate (mathDomain_swap (mathDomain_div $0 mathDomain_2) mathDomain_2) mathDomain_1) mathDomain_0)) (#(lambda (#(lambda (mathDomain_simplify $0 mathDomain_0)) (mathDomain_rrotate $0 mathDomain_4))) (mathDomain_mult (#(lambda (mathDomain_swap (#(lambda (mathDomain_simplify $0 mathDomain_0)) $0) mathDomain_0)) $0) mathDomain_4)))) (#(lambda (#(lambda (#(lambda (mathDomain_simplify (mathDomain_rrotate (mathDomain_swap (mathDomain_div $0 mathDomain_2) mathDomain_2) mathDomain_1) mathDomain_0)) (#(lambda (mathDomain_swap (#(lambda (mathDomain_simplify $0 mathDomain_0)) $0) mathDomain_0)) (#(lambda (#(lambda (mathDomain_simplify $0 mathDomain_0)) (mathDomain_rrotate $0 mathDomain_4))) (mathDomain_sub $0 mathDomain_6))))) (mathDomain_swap $0 mathDomain_2))) $0))) (#(lambda (mathDomain_swap (#(lambda (mathDomain_simplify $0 mathDomain_0)) $0) mathDomain_0)) $0))) $0)) ; log prior = -5.034055 ; log likelihood = 0.000000
HIT tr226 w/ (lambda (#(lambda (#(lambda (#(lambda (mathDomain_simplify (mathDomain_rrotate (mathDomain_swap (mathDomain_div $0 mathDomain_2) mathDomain_2) mathDomain_1) mathDomain_0)) (#(lambda (mathDomain_swap (#(lambda (mathDomain_simplify $0 mathDomain_0)) $0) mathDomain_0)) (#(lambda (#(lambda (mathDomain_simplify $0 mathDomain_0)) (mathDomain_rrotate $0 mathDomain_4))) (mathDomain_sub $0 mathDomain_6))))) (mathDomain_swap $0 mathDomain_2))) $0)) ; log prior = -4.494429 ; log likelihood = 0.000000
MISS tr227
MISS tr228
HIT tr229 w/ (lambda (#(lambda (#(lambda (mathDomain_simplify $0 mathDomain_0)) (mathDomain_dist $0 mathDomain_1))) (#(lambda (mathDomain_swap (#(lambda (mathDomain_simplify $0 mathDomain_0)) $0) mathDomain_0)) $0))) ; log prior = -7.664682 ; log likelihood = 0.000000
HIT tr230 w/ (lambda (#(lambda (#(lambda (#(lambda (#(lambda (mathDomain_simplify (mathDomain_rrotate (mathDomain_swap (mathDomain_div $0 mathDomain_2) mathDomain_2) mathDomain_1) mathDomain_0)) (#(lambda (#(lambda (mathDomain_simplify $0 mathDomain_0)) (mathDomain_rrotate $0 mathDomain_4))) (mathDomain_mult (#(lambda (mathDomain_swap (#(lambda (mathDomain_simplify $0 mathDomain_0)) $0) mathDomain_0)) $0) mathDomain_4)))) (#(lambda (#(lambda (#(lambda (mathDomain_simplify (mathDomain_rrotate (mathDomain_swap (mathDomain_div $0 mathDomain_2) mathDomain_2) mathDomain_1) mathDomain_0)) (#(lambda (mathDomain_swap (#(lambda (mathDomain_simplify $0 mathDomain_0)) $0) mathDomain_0)) (#(lambda (#(lambda (mathDomain_simplify $0 mathDomain_0)) (mathDomain_rrotate $0 mathDomain_4))) (mathDomain_sub $0 mathDomain_6))))) (mathDomain_swap $0 mathDomain_2))) $0))) (#(lambda (mathDomain_swap (#(lambda (mathDomain_simplify $0 mathDomain_0)) $0) mathDomain_0)) $0))) $0)) ; log prior = -5.064053 ; log likelihood = 0.000000
HIT tr231 w/ (lambda (#(lambda (#(lambda (#(lambda (#(lambda (#(lambda (#(lambda (#(lambda (mathDomain_simplify (mathDomain_rrotate (mathDomain_swap (mathDomain_div $0 mathDomain_2) mathDomain_2) mathDomain_1) mathDomain_0)) (#(lambda (#(lambda (mathDomain_simplify $0 mathDomain_0)) (mathDomain_rrotate $0 mathDomain_4))) (#(lambda (#(lambda (mathDomain_simplify $0 mathDomain_0)) (mathDomain_dist $0 mathDomain_1))) $0)))) (mathDomain_sub $0 mathDomain_6))) (mathDomain_swap $0 mathDomain_4))) (#(lambda (#(lambda (mathDomain_simplify $0 mathDomain_0)) (mathDomain_rrotate $0 mathDomain_4))) (#(lambda (mathDomain_swap (#(lambda (mathDomain_simplify $0 mathDomain_0)) $0) mathDomain_0)) $0)))) (mathDomain_swap $0 mathDomain_2))) (#(lambda (mathDomain_swap (#(lambda (mathDomain_simplify $0 mathDomain_0)) $0) mathDomain_0)) $0))) (mathDomain_swap $0 mathDomain_5))) ; log prior = -13.983428 ; log likelihood = 0.000000
MISS tr232
MISS tr233
MISS tr234
HIT tr235 w/ (lambda (#(lambda (#(lambda (#(lambda (mathDomain_simplify (mathDomain_rrotate (mathDomain_swap (mathDomain_div $0 mathDomain_2) mathDomain_2) mathDomain_1) mathDomain_0)) (#(lambda (#(lambda (mathDomain_simplify $0 mathDomain_0)) (mathDomain_rrotate $0 mathDomain_4))) (#(lambda (#(lambda (mathDomain_simplify $0 mathDomain_0)) (mathDomain_dist $0 mathDomain_1))) $0)))) (#(lambda (mathDomain_swap (#(lambda (mathDomain_simplify $0 mathDomain_0)) $0) mathDomain_0)) $0))) $0)) ; log prior = -4.071928 ; log likelihood = 0.000000
HIT tr236 w/ (lambda (#(lambda (#(lambda (#(lambda (mathDomain_simplify (mathDomain_rrotate (mathDomain_swap (mathDomain_div $0 mathDomain_2) mathDomain_2) mathDomain_1) mathDomain_0)) (#(lambda (#(lambda (mathDomain_simplify $0 mathDomain_0)) (mathDomain_rrotate $0 mathDomain_4))) (#(lambda (#(lambda (mathDomain_simplify $0 mathDomain_0)) (mathDomain_dist $0 mathDomain_1))) $0)))) (#(lambda (mathDomain_swap (#(lambda (mathDomain_simplify $0 mathDomain_0)) $0) mathDomain_0)) $0))) $0)) ; log prior = -4.078319 ; log likelihood = 0.000000
HIT tr237 w/ (lambda (#(lambda (#(lambda (#(lambda (#(lambda (#(lambda (#(lambda (#(lambda (mathDomain_simplify (mathDomain_rrotate (mathDomain_swap (mathDomain_div $0 mathDomain_2) mathDomain_2) mathDomain_1) mathDomain_0)) (#(lambda (#(lambda (mathDomain_simplify $0 mathDomain_0)) (mathDomain_rrotate $0 mathDomain_4))) (#(lambda (#(lambda (mathDomain_simplify $0 mathDomain_0)) (mathDomain_dist $0 mathDomain_1))) $0)))) (mathDomain_sub $0 mathDomain_6))) (mathDomain_swap $0 mathDomain_4))) (#(lambda (#(lambda (mathDomain_simplify $0 mathDomain_0)) (mathDomain_rrotate $0 mathDomain_4))) (#(lambda (mathDomain_swap (#(lambda (mathDomain_simplify $0 mathDomain_0)) $0) mathDomain_0)) $0)))) (mathDomain_swap $0 mathDomain_2))) (#(lambda (mathDomain_swap (#(lambda (mathDomain_simplify $0 mathDomain_0)) $0) mathDomain_0)) $0))) $0)) ; log prior = -4.428768 ; log likelihood = 0.000000
MISS tr238
HIT tr239 w/ (lambda (#(lambda (#(lambda (#(lambda (mathDomain_simplify (mathDomain_rrotate (mathDomain_swap (mathDomain_div $0 mathDomain_2) mathDomain_2) mathDomain_1) mathDomain_0)) (#(lambda (#(lambda (mathDomain_simplify $0 mathDomain_0)) (mathDomain_rrotate $0 mathDomain_4))) (mathDomain_mult (#(lambda (mathDomain_swap (#(lambda (mathDomain_simplify $0 mathDomain_0)) $0) mathDomain_0)) $0) mathDomain_4)))) (#(lambda (#(lambda (#(lambda (mathDomain_simplify (mathDomain_rrotate (mathDomain_swap (mathDomain_div $0 mathDomain_2) mathDomain_2) mathDomain_1) mathDomain_0)) (#(lambda (mathDomain_swap (#(lambda (mathDomain_simplify $0 mathDomain_0)) $0) mathDomain_0)) (#(lambda (#(lambda (mathDomain_simplify $0 mathDomain_0)) (mathDomain_rrotate $0 mathDomain_4))) (mathDomain_sub $0 mathDomain_6))))) (mathDomain_swap $0 mathDomain_2))) $0))) $0)) ; log prior = -4.944583 ; log likelihood = 0.000000
MISS tr240
MISS tr241
HIT tr242 w/ (lambda (#(lambda (#(lambda (#(lambda (#(lambda (mathDomain_simplify (mathDomain_rrotate (mathDomain_swap (mathDomain_div $0 mathDomain_2) mathDomain_2) mathDomain_1) mathDomain_0)) (#(lambda (#(lambda (mathDomain_simplify $0 mathDomain_0)) (mathDomain_rrotate $0 mathDomain_4))) (#(lambda (#(lambda (mathDomain_simplify $0 mathDomain_0)) (mathDomain_dist $0 mathDomain_1))) $0)))) (mathDomain_sub $0 mathDomain_6))) (mathDomain_swap $0 mathDomain_4))) $0)) ; log prior = -5.265090 ; log likelihood = 0.000000
MISS tr243
HIT tr244 w/ (lambda (#(lambda (mathDomain_swap (#(lambda (mathDomain_simplify $0 mathDomain_0)) $0) mathDomain_0)) $0)) ; log prior = -4.514786 ; log likelihood = 0.000000
MISS tr245
HIT tr246 w/ (lambda (#(lambda (#(lambda (mathDomain_simplify (mathDomain_rrotate (mathDomain_swap (mathDomain_div $0 mathDomain_2) mathDomain_2) mathDomain_1) mathDomain_0)) (#(lambda (#(lambda (mathDomain_simplify $0 mathDomain_0)) (mathDomain_rrotate $0 mathDomain_4))) (mathDomain_mult (#(lambda (mathDomain_swap (#(lambda (mathDomain_simplify $0 mathDomain_0)) $0) mathDomain_0)) $0) mathDomain_4)))) $0)) ; log prior = -3.936444 ; log likelihood = 0.000000
HIT tr247 w/ (lambda (#(lambda (#(lambda (mathDomain_simplify (mathDomain_rrotate (mathDomain_swap (mathDomain_div $0 mathDomain_2) mathDomain_2) mathDomain_1) mathDomain_0)) (#(lambda (#(lambda (mathDomain_simplify $0 mathDomain_0)) (mathDomain_rrotate $0 mathDomain_4))) (#(lambda (#(lambda (mathDomain_simplify $0 mathDomain_0)) (mathDomain_dist $0 mathDomain_1))) $0)))) $0)) ; log prior = -4.378848 ; log likelihood = 0.000000
HIT tr248 w/ (lambda (#(lambda (#(lambda (#(lambda (#(lambda (#(lambda (mathDomain_simplify (mathDomain_rrotate (mathDomain_swap (mathDomain_div $0 mathDomain_2) mathDomain_2) mathDomain_1) mathDomain_0)) (#(lambda (#(lambda (mathDomain_simplify $0 mathDomain_0)) (mathDomain_rrotate $0 mathDomain_4))) (#(lambda (#(lambda (mathDomain_simplify $0 mathDomain_0)) (mathDomain_dist $0 mathDomain_1))) $0)))) (mathDomain_sub $0 mathDomain_6))) (mathDomain_swap $0 mathDomain_4))) (#(lambda (#(lambda (mathDomain_simplify $0 mathDomain_0)) (mathDomain_rrotate $0 mathDomain_4))) (#(lambda (mathDomain_swap (#(lambda (mathDomain_simplify $0 mathDomain_0)) $0) mathDomain_0)) $0)))) $0)) ; log prior = -4.451622 ; log likelihood = 0.000000
MISS tr249
HIT tr250 w/ (lambda (#(lambda (#(lambda (#(lambda (mathDomain_simplify (mathDomain_rrotate (mathDomain_swap (mathDomain_div $0 mathDomain_2) mathDomain_2) mathDomain_1) mathDomain_0)) (#(lambda (#(lambda (mathDomain_simplify $0 mathDomain_0)) (mathDomain_rrotate $0 mathDomain_4))) (#(lambda (#(lambda (mathDomain_simplify $0 mathDomain_0)) (mathDomain_dist $0 mathDomain_1))) $0)))) (mathDomain_sub $0 mathDomain_6))) $0)) ; log prior = -5.201353 ; log likelihood = 0.000000
MISS tr251
MISS tr252
HIT tr253 w/ (lambda (#(lambda (#(lambda (mathDomain_simplify (mathDomain_rrotate (mathDomain_swap (mathDomain_div $0 mathDomain_2) mathDomain_2) mathDomain_1) mathDomain_0)) (#(lambda (#(lambda (mathDomain_simplify $0 mathDomain_0)) (mathDomain_rrotate $0 mathDomain_4))) (#(lambda (#(lambda (mathDomain_simplify $0 mathDomain_0)) (mathDomain_dist $0 mathDomain_1))) $0)))) $0)) ; log prior = -4.189903 ; log likelihood = 0.000000
MISS tr254
HIT tr255 w/ (lambda (#(lambda (mathDomain_swap (#(lambda (mathDomain_simplify $0 mathDomain_0)) $0) mathDomain_0)) $0)) ; log prior = -4.510100 ; log likelihood = 0.000000
HIT tr256 w/ (lambda (#(lambda (#(lambda (mathDomain_simplify (mathDomain_rrotate (mathDomain_swap (mathDomain_div $0 mathDomain_2) mathDomain_2) mathDomain_1) mathDomain_0)) (#(lambda (#(lambda (mathDomain_simplify $0 mathDomain_0)) (mathDomain_rrotate $0 mathDomain_4))) (mathDomain_mult (#(lambda (mathDomain_swap (#(lambda (mathDomain_simplify $0 mathDomain_0)) $0) mathDomain_0)) $0) mathDomain_4)))) $0)) ; log prior = -3.933921 ; log likelihood = 0.000000
HIT tr257 w/ (lambda (#(lambda (#(lambda (#(lambda (#(lambda (mathDomain_simplify (mathDomain_rrotate (mathDomain_swap (mathDomain_div $0 mathDomain_2) mathDomain_2) mathDomain_1) mathDomain_0)) (#(lambda (mathDomain_swap (#(lambda (mathDomain_simplify $0 mathDomain_0)) $0) mathDomain_0)) (#(lambda (#(lambda (mathDomain_simplify $0 mathDomain_0)) (mathDomain_rrotate $0 mathDomain_4))) (mathDomain_sub $0 mathDomain_6))))) (mathDomain_swap $0 mathDomain_2))) (#(lambda (mathDomain_swap (#(lambda (mathDomain_simplify $0 mathDomain_0)) $0) mathDomain_0)) $0))) $0)) ; log prior = -4.242927 ; log likelihood = 0.000000
HIT tr258 w/ (lambda (#(lambda (#(lambda (mathDomain_simplify (mathDomain_rrotate (mathDomain_swap (mathDomain_div $0 mathDomain_2) mathDomain_2) mathDomain_1) mathDomain_0)) (#(lambda (mathDomain_swap (#(lambda (mathDomain_simplify $0 mathDomain_0)) $0) mathDomain_0)) (#(lambda (#(lambda (mathDomain_simplify $0 mathDomain_0)) (mathDomain_rrotate $0 mathDomain_4))) (mathDomain_sub $0 mathDomain_6))))) (#(lambda (#(lambda (mathDomain_simplify $0 mathDomain_0)) (mathDomain_rrotate $0 mathDomain_4))) $0))) ; log prior = -8.390096 ; log likelihood = 0.000000
MISS tr259
HIT tr260 w/ (lambda (#(lambda (#(lambda (#(lambda (mathDomain_simplify (mathDomain_rrotate (mathDomain_swap (mathDomain_div $0 mathDomain_2) mathDomain_2) mathDomain_1) mathDomain_0)) (#(lambda (#(lambda (mathDomain_simplify $0 mathDomain_0)) (mathDomain_rrotate $0 mathDomain_4))) (mathDomain_mult (#(lambda (mathDomain_swap (#(lambda (mathDomain_simplify $0 mathDomain_0)) $0) mathDomain_0)) $0) mathDomain_4)))) (#(lambda (#(lambda (mathDomain_simplify (mathDomain_rrotate (mathDomain_swap (mathDomain_div $0 mathDomain_2) mathDomain_2) mathDomain_1) mathDomain_0)) (#(lambda (mathDomain_swap (#(lambda (mathDomain_simplify $0 mathDomain_0)) $0) mathDomain_0)) (#(lambda (#(lambda (mathDomain_simplify $0 mathDomain_0)) (mathDomain_rrotate $0 mathDomain_4))) (mathDomain_sub $0 mathDomain_6))))) $0))) $0)) ; log prior = -4.778187 ; log likelihood = 0.000000
HIT tr261 w/ (lambda (#(lambda (#(lambda (mathDomain_simplify $0 mathDomain_0)) (mathDomain_dist $0 mathDomain_1))) $0)) ; log prior = -3.990496 ; log likelihood = 0.000000
MISS tr262
HIT tr263 w/ (lambda (#(lambda (#(lambda (mathDomain_simplify $0 mathDomain_0)) (mathDomain_dist $0 mathDomain_1))) $0)) ; log prior = -3.985049 ; log likelihood = 0.000000
HIT tr264 w/ (lambda (#(lambda (#(lambda (mathDomain_simplify (mathDomain_rrotate (mathDomain_swap (mathDomain_div $0 mathDomain_2) mathDomain_2) mathDomain_1) mathDomain_0)) (#(lambda (mathDomain_swap (#(lambda (mathDomain_simplify $0 mathDomain_0)) $0) mathDomain_0)) (#(lambda (#(lambda (mathDomain_simplify $0 mathDomain_0)) (mathDomain_rrotate $0 mathDomain_4))) (mathDomain_sub $0 mathDomain_6))))) $0)) ; log prior = -4.334495 ; log likelihood = 0.000000
MISS tr265
HIT tr266 w/ (lambda (#(lambda (#(lambda (mathDomain_swap (#(lambda (mathDomain_simplify $0 mathDomain_0)) $0) mathDomain_0)) (#(lambda (#(lambda (mathDomain_simplify $0 mathDomain_0)) (mathDomain_rrotate $0 mathDomain_4))) (mathDomain_sub (#(lambda (mathDomain_swap (#(lambda (mathDomain_simplify $0 mathDomain_0)) $0) mathDomain_0)) $0) mathDomain_4)))) $0)) ; log prior = -4.822514 ; log likelihood = 0.000000
MISS tr267
MISS tr268
MISS tr269
MISS tr270
HIT tr271 w/ (lambda (#(lambda (#(lambda (mathDomain_simplify $0 mathDomain_0)) (mathDomain_dist $0 mathDomain_1))) $0)) ; log prior = -3.905613 ; log likelihood = 0.000000
HIT tr272 w/ (lambda (#(lambda (#(lambda (mathDomain_swap (#(lambda (mathDomain_simplify $0 mathDomain_0)) $0) mathDomain_0)) (#(lambda (#(lambda (mathDomain_simplify $0 mathDomain_0)) (mathDomain_rrotate $0 mathDomain_4))) (mathDomain_sub (#(lambda (mathDomain_swap (#(lambda (mathDomain_simplify $0 mathDomain_0)) $0) mathDomain_0)) $0) mathDomain_4)))) $0)) ; log prior = -4.963122 ; log likelihood = 0.000000
HIT tr273 w/ (lambda $0) ; log prior = -0.535640 ; log likelihood = 0.000000
HIT tr274 w/ (lambda (#(lambda (#(lambda (mathDomain_simplify (mathDomain_rrotate (mathDomain_swap (mathDomain_div $0 mathDomain_2) mathDomain_2) mathDomain_1) mathDomain_0)) (#(lambda (#(lambda (mathDomain_simplify $0 mathDomain_0)) (mathDomain_rrotate $0 mathDomain_4))) (mathDomain_mult (#(lambda (mathDomain_swap (#(lambda (mathDomain_simplify $0 mathDomain_0)) $0) mathDomain_0)) $0) mathDomain_4)))) $0)) ; log prior = -3.944894 ; log likelihood = 0.000000
MISS tr275
MISS tr276
HIT tr277 w/ (lambda (#(lambda (#(lambda (#(lambda (mathDomain_simplify (mathDomain_rrotate (mathDomain_swap (mathDomain_div $0 mathDomain_2) mathDomain_2) mathDomain_1) mathDomain_0)) (#(lambda (mathDomain_swap (#(lambda (mathDomain_simplify $0 mathDomain_0)) $0) mathDomain_0)) (#(lambda (#(lambda (mathDomain_simplify $0 mathDomain_0)) (mathDomain_rrotate $0 mathDomain_4))) (mathDomain_sub $0 mathDomain_6))))) (#(lambda (mathDomain_swap (#(lambda (mathDomain_simplify $0 mathDomain_0)) $0) mathDomain_0)) $0))) (mathDomain_dist $0 mathDomain_2))) ; log prior = -11.910970 ; log likelihood = 0.000000
MISS tr278
MISS tr279
MISS tr280
MISS tr281
MISS tr282
HIT tr283 w/ (lambda $0) ; log prior = -0.529197 ; log likelihood = 0.000000