,Equation Number,eqn,soln,metrics
0,145,"((1 / x) + (-2)) = (-3)
","((1 / x) + (-2)) = (-3)
|(((1 / x) + (-2)) - (-2)) = ((-3) - (-2))|((1 / x) + ((-2) - (-2))) = ((-3) - (-2))|((1 / x) + 0) = ((-3) - (-2))|(((1 / x) + 0) * x) = (((-3) - (-2)) * x)|(x * ((1 / x) + 0)) = (((-3) - (-2)) * x)|(x * (1 / x)) = (((-3) - (-2)) * x)|((x * 1) / x) = (((-3) - (-2)) * x)|(x / x) = (((-3) - (-2)) * x)|1 = (((-3) - (-2)) * x)|(((-3) - (-2)) * x) = 1|-1x = 1|(-1x * (-1)) = (1 * (-1))|((x * (-1)) * (-1)) = (1 * (-1))|(x * ((-1) * (-1))) = (1 * (-1))|(x * 1) = (1 * (-1))|x = (1 * (-1))|x = (-1)",38
1,169,"((-1) - 2) = -3x
","((-1) - 2) = -3x
|-3x = ((-1) - 2)|(x * (-3)) = ((-1) - 2)|((x * (-3)) / (-3)) = (((-1) - 2) / (-3))|(x * ((-3) / (-3))) = (((-1) - 2) / (-3))|(x * 1) = (((-1) - 2) / (-3))|x = (((-1) - 2) / (-3))|x = ((-3) / (-3))|x = 1",16
2,73,"(-1x + (-2)) = ((-3) + 4x)
","(-1x + (-2)) = ((-3) + 4x)
|((-1x + (-2)) - (-2)) = (((-3) + 4x) - (-2))|(-1x + ((-2) - (-2))) = (((-3) + 4x) - (-2))|(-1x + 0) = (((-3) + 4x) - (-2))|((-1x + 0) - 4x) = ((((-3) + 4x) - (-2)) - 4x)|((-1x + 0) - 4x) = (((4x + (-3)) - (-2)) - 4x)|((-1x + 0) - 4x) = ((4x + ((-3) - (-2))) - 4x)|((-1x + 0) - 4x) = ((((-3) - (-2)) + 4x) - 4x)|((-1x + 0) - 4x) = (((-3) - (-2)) + (4x - 4x))|((-1x + 0) - 4x) = (((-3) - (-2)) + 0)|(-1x - 4x) = (((-3) - (-2)) + 0)|(((-1) - 4) * x) = (((-3) - (-2)) + 0)|-5x = (((-3) - (-2)) + 0)|(x * (-5)) = (((-3) - (-2)) + 0)|((x * (-5)) / (-5)) = ((((-3) - (-2)) + 0) / (-5))|(x * ((-5) / (-5))) = ((((-3) - (-2)) + 0) / (-5))|(x * 1) = ((((-3) - (-2)) + 0) / (-5))|x = ((((-3) - (-2)) + 0) / (-5))|x = (((-1) + 0) / (-5))|x = ((-1) / (-5))|x = [1/5]",38
3,115,"((-1) + 2x) = (-3)
","((-1) + 2x) = (-3)
|(((-1) + 2x) - (-1)) = ((-3) - (-1))|((2x + (-1)) - (-1)) = ((-3) - (-1))|(2x + ((-1) - (-1))) = ((-3) - (-1))|(2x + 0) = ((-3) - (-1))|2x = ((-3) - (-1))|(2x / 2) = (((-3) - (-1)) / 2)|((x * 2) / 2) = (((-3) - (-1)) / 2)|(x * (2 / 2)) = (((-3) - (-1)) / 2)|(x * 1) = (((-3) - (-1)) / 2)|x = (((-3) - (-1)) / 2)|x = ((-2) / 2)|x = (-1)",22
4,115,"((-1) + 2x) = (-3)
","((-1) + 2x) = (-3)
|(((-1) + 2x) - (-1)) = ((-3) - (-1))|((2x + (-1)) - (-1)) = ((-3) - (-1))|(2x + ((-1) - (-1))) = ((-3) - (-1))|(2x + 0) = ((-3) - (-1))|2x = ((-3) - (-1))|(2x / 2) = (((-3) - (-1)) / 2)|((x * 2) / 2) = (((-3) - (-1)) / 2)|(x * (2 / 2)) = (((-3) - (-1)) / 2)|(x * 1) = (((-3) - (-1)) / 2)|x = (((-3) - (-1)) / 2)|x = ((-2) / 2)|x = (-1)",22
5,187,"1x = (2 - 3)
","1x = (2 - 3)
|1x = (-1)|x = (-1)",4
6,187,"1x = (2 - 3)
","1x = (2 - 3)
|1x = (-1)|x = (-1)",4
7,72,"((-1) + 2x) = 3
","((-1) + 2x) = 3
|(((-1) + 2x) - (-1)) = (3 - (-1))|((2x + (-1)) - (-1)) = (3 - (-1))|(2x + ((-1) - (-1))) = (3 - (-1))|(2x + 0) = (3 - (-1))|2x = (3 - (-1))|(2x / 2) = ((3 - (-1)) / 2)|((x * 2) / 2) = ((3 - (-1)) / 2)|(x * (2 / 2)) = ((3 - (-1)) / 2)|(x * 1) = ((3 - (-1)) / 2)|x = ((3 - (-1)) / 2)|x = (4 / 2)|x = 2",22
8,141,"(((-1) - 2x) + 3) = -4x
","(((-1) - 2x) + 3) = -4x
|(3 + ((-1) - 2x)) = -4x|((3 + (-1)) - 2x) = -4x|-4x = ((3 + (-1)) - 2x)|-4x = ((3 + (-1)) + -2x)|(-4x - -2x) = (((3 + (-1)) + -2x) - -2x)|(((-4) - (-2)) * x) = (((3 + (-1)) + -2x) - -2x)|(((-4) - (-2)) * x) = ((3 + (-1)) + (-2x - -2x))|(((-4) - (-2)) * x) = ((3 + (-1)) + 0)|-2x = ((3 + (-1)) + 0)|(x * (-2)) = ((3 + (-1)) + 0)|((x * (-2)) / (-2)) = (((3 + (-1)) + 0) / (-2))|(x * ((-2) / (-2))) = (((3 + (-1)) + 0) / (-2))|(x * 1) = (((3 + (-1)) + 0) / (-2))|x = (((3 + (-1)) + 0) / (-2))|x = ((2 + 0) / (-2))|x = (2 / (-2))|x = (-1)",36
9,212,"(-1x + (-2)) = (3 + 4x)
","(-1x + (-2)) = (3 + 4x)
|((-1x + (-2)) - 4x) = ((3 + 4x) - 4x)|(((-1x + (-2)) - 4x) - (-2)) = (((3 + 4x) - 4x) - (-2))|(((-1x + (-2)) - (-2)) - 4x) = (((3 + 4x) - 4x) - (-2))|((-1x + ((-2) - (-2))) - 4x) = (((3 + 4x) - 4x) - (-2))|((-1x + 0) - 4x) = (((3 + 4x) - 4x) - (-2))|((-1x + 0) - 4x) = ((3 + (4x - 4x)) - (-2))|((-1x + 0) - 4x) = ((3 + 0) - (-2))|(-1x - 4x) = ((3 + 0) - (-2))|(-1x - 4x) = (3 - (-2))|(((-1) - 4) * x) = (3 - (-2))|-5x = (3 - (-2))|(x * (-5)) = (3 - (-2))|(x * (-5)) = 5|((x * (-5)) / (-5)) = (5 / (-5))|(x * ((-5) / (-5))) = (5 / (-5))|(x * 1) = (5 / (-5))|x = (5 / (-5))|x = (-1)",35
10,194,"1 = ((-2x + 3) + 4x)
","1 = ((-2x + 3) + 4x)
|1 = (4x + (-2x + 3))|(1 - 3) = ((4x + (-2x + 3)) - 3)|(1 - 3) = (((4x + -2x) + 3) - 3)|(((4x + -2x) + 3) - 3) = (1 - 3)|((((4 + (-2)) * x) + 3) - 3) = (1 - 3)|((2x + 3) - 3) = (1 - 3)|(2x + (3 - 3)) = (1 - 3)|(2x + 0) = (1 - 3)|2x = (1 - 3)|(x * 2) = (1 - 3)|(x * 2) = (-2)|((x * 2) / 2) = ((-2) / 2)|(x * (2 / 2)) = ((-2) / 2)|(x * 1) = ((-2) / 2)|x = ((-2) / 2)|x = (-1)",35
11,250,"-1x = ((-2) + 3x)
","-1x = ((-2) + 3x)
|(-1x - 3x) = (((-2) + 3x) - 3x)|(((-1) - 3) * x) = (((-2) + 3x) - 3x)|-4x = (((-2) + 3x) - 3x)|-4x = ((-2) + (3x - 3x))|-4x = ((-2) + 0)|(-4x / (-4)) = (((-2) + 0) / (-4))|((x * (-4)) / (-4)) = (((-2) + 0) / (-4))|(x * ((-4) / (-4))) = (((-2) + 0) / (-4))|(x * 1) = (((-2) + 0) / (-4))|x = (((-2) + 0) / (-4))|x = ((-2) / (-4))|x = [1/2]",24
12,250,"-1x = ((-2) + 3x)
","-1x = ((-2) + 3x)
|(-1x - 3x) = (((-2) + 3x) - 3x)|(((-1) - 3) * x) = (((-2) + 3x) - 3x)|-4x = (((-2) + 3x) - 3x)|-4x = ((-2) + (3x - 3x))|-4x = ((-2) + 0)|(-4x / (-4)) = (((-2) + 0) / (-4))|((x * (-4)) / (-4)) = (((-2) + 0) / (-4))|(x * ((-4) / (-4))) = (((-2) + 0) / (-4))|(x * 1) = (((-2) + 0) / (-4))|x = (((-2) + 0) / (-4))|x = ((-2) / (-4))|x = [1/2]",24
13,250,"-1x = ((-2) + 3x)
","-1x = ((-2) + 3x)
|(-1x - 3x) = (((-2) + 3x) - 3x)|(((-1) - 3) * x) = (((-2) + 3x) - 3x)|-4x = (((-2) + 3x) - 3x)|-4x = ((-2) + (3x - 3x))|-4x = ((-2) + 0)|(-4x / (-4)) = (((-2) + 0) / (-4))|((x * (-4)) / (-4)) = (((-2) + 0) / (-4))|(x * ((-4) / (-4))) = (((-2) + 0) / (-4))|(x * 1) = (((-2) + 0) / (-4))|x = (((-2) + 0) / (-4))|x = ((-2) / (-4))|x = [1/2]",24
14,173,"1 = 2x
","1 = 2x
|2x = 1|(x * 2) = 1|((x * 2) / 2) = (1 / 2)|(x * (2 / 2)) = (1 / 2)|(x * 1) = (1 / 2)|x = (1 / 2)|x = [1/2]",12
15,20,"(1x + (-2)) = (3 + -4x)
","(1x + (-2)) = (3 + -4x)
|((1x + (-2)) - (-2)) = ((3 + -4x) - (-2))|(((1x + (-2)) - (-2)) - -4x) = (((3 + -4x) - (-2)) - -4x)|(((1x + (-2)) - (-2)) - -4x) = (((3 + -4x) - -4x) - (-2))|((1x + ((-2) - (-2))) - -4x) = (((3 + -4x) - -4x) - (-2))|((1x + 0) - -4x) = (((3 + -4x) - -4x) - (-2))|((1x + 0) - -4x) = ((3 + (-4x - -4x)) - (-2))|((1x + 0) - -4x) = ((3 + 0) - (-2))|((1x + 0) - -4x) = (3 - (-2))|(1x - -4x) = (3 - (-2))|((1 - (-4)) * x) = (3 - (-2))|5x = (3 - (-2))|(5x / 5) = ((3 - (-2)) / 5)|((x * 5) / 5) = ((3 - (-2)) / 5)|(x * (5 / 5)) = ((3 - (-2)) / 5)|(x * 1) = ((3 - (-2)) / 5)|x = ((3 - (-2)) / 5)|x = (5 / 5)|x = 1",35
16,20,"(1x + (-2)) = (3 + -4x)
","(1x + (-2)) = (3 + -4x)
|((1x + (-2)) - (-2)) = ((3 + -4x) - (-2))|(((1x + (-2)) - (-2)) - -4x) = (((3 + -4x) - (-2)) - -4x)|(((1x + (-2)) - (-2)) - -4x) = (((3 + -4x) - -4x) - (-2))|((1x + ((-2) - (-2))) - -4x) = (((3 + -4x) - -4x) - (-2))|((1x + 0) - -4x) = (((3 + -4x) - -4x) - (-2))|((1x + 0) - -4x) = ((3 + (-4x - -4x)) - (-2))|((1x + 0) - -4x) = ((3 + 0) - (-2))|((1x + 0) - -4x) = (3 - (-2))|(1x - -4x) = (3 - (-2))|((1 - (-4)) * x) = (3 - (-2))|5x = (3 - (-2))|(5x / 5) = ((3 - (-2)) / 5)|((x * 5) / 5) = ((3 - (-2)) / 5)|(x * (5 / 5)) = ((3 - (-2)) / 5)|(x * 1) = ((3 - (-2)) / 5)|x = ((3 - (-2)) / 5)|x = (5 / 5)|x = 1",35
17,242,"1x = (-2x + 3)
","1x = (-2x + 3)
|1x = (3 + -2x)|(1x - -2x) = ((3 + -2x) - -2x)|((1 - (-2)) * x) = ((3 + -2x) - -2x)|3x = ((3 + -2x) - -2x)|3x = (3 + (-2x - -2x))|(x * 3) = (3 + (-2x - -2x))|(x * 3) = (3 + 0)|(x * 3) = 3|((x * 3) / 3) = (3 / 3)|(x * (3 / 3)) = (3 / 3)|(x * 1) = (3 / 3)|x = (3 / 3)|x = 1",26
18,120,"1 = (2 + 3x)
","1 = (2 + 3x)
|(1 - 2) = ((2 + 3x) - 2)|(1 - 2) = ((3x + 2) - 2)|((3x + 2) - 2) = (1 - 2)|(3x + (2 - 2)) = (1 - 2)|(3x + 0) = (1 - 2)|3x = (1 - 2)|(x * 3) = (1 - 2)|(x * 3) = (-1)|((x * 3) / 3) = ((-1) / 3)|(x * (3 / 3)) = ((-1) / 3)|(x * 1) = ((-1) / 3)|x = ((-1) / 3)|x = ([-1/3])",23
19,260,"1 = ((2 / x) + 3)
","1 = ((2 / x) + 3)
|(1 - 3) = (((2 / x) + 3) - 3)|(-2) = (((2 / x) + 3) - 3)|((-2) / (-2)) = ((((2 / x) + 3) - 3) / (-2))|(((-2) / (-2)) * x) = (((((2 / x) + 3) - 3) / (-2)) * x)|1x = (((((2 / x) + 3) - 3) / (-2)) * x)|x = (((((2 / x) + 3) - 3) / (-2)) * x)|x = ((((2 / x) + (3 - 3)) / (-2)) * x)|x = ((((2 / x) + 0) / (-2)) * x)|x = (x * (((2 / x) + 0) / (-2)))|x = (x * ((2 / x) / (-2)))|x = ((x * (2 / x)) / (-2))|x = (((x * 2) / x) / (-2))|x = ((2x / x) / (-2))|x = ((2 * (x / x)) / (-2))|x = ((2 * 1) / (-2))|x = (2 / (-2))|x = (-1)",39
20,123,"(-1) = ((-2) + 3x)
","(-1) = ((-2) + 3x)
|((-1) - (-2)) = (((-2) + 3x) - (-2))|((-1) - (-2)) = ((3x + (-2)) - (-2))|((-1) - (-2)) = (3x + ((-2) - (-2)))|((-1) - (-2)) = ((x * 3) + ((-2) - (-2)))|(((-1) - (-2)) / 3) = (((x * 3) + ((-2) - (-2))) / 3)|(((-1) - (-2)) / 3) = (((x * 3) + 0) / 3)|(((x * 3) + 0) / 3) = (((-1) - (-2)) / 3)|((x * 3) / 3) = (((-1) - (-2)) / 3)|(x * (3 / 3)) = (((-1) - (-2)) / 3)|(x * 1) = (((-1) - (-2)) / 3)|x = (((-1) - (-2)) / 3)|x = (1 / 3)|x = [1/3]",23
21,268,"(((1 / x) * x) + 2x) = 3x
","(((1 / x) * x) + 2x) = 3x
|3x = (((1 / x) * x) + 2x)|(3x - 2x) = ((((1 / x) * x) + 2x) - 2x)|(3x - 2x) = (((x * (1 / x)) + 2x) - 2x)|(3x - 2x) = ((x * (1 / x)) + (2x - 2x))|(3x - 2x) = ((x * (1 / x)) + 0)|((x * (1 / x)) + 0) = (3x - 2x)|(((x * 1) / x) + 0) = (3x - 2x)|(((x * 1) / x) + 0) = ((3 - 2) * x)|(((x * 1) / x) + 0) = 1x|((x * 1) / x) = 1x|(x / x) = 1x|1 = 1x|1x = 1|x = 1",34
22,111,"-1x = (2 + 3)
","-1x = (2 + 3)
|(x * (-1)) = (2 + 3)|(x * (-1)) = 5|((x * (-1)) / (-1)) = (5 / (-1))|(x * ((-1) / (-1))) = (5 / (-1))|(x * 1) = (5 / (-1))|x = (5 / (-1))|x = (-5)",14
23,111,"-1x = (2 + 3)
","-1x = (2 + 3)
|(x * (-1)) = (2 + 3)|(x * (-1)) = 5|((x * (-1)) / (-1)) = (5 / (-1))|(x * ((-1) / (-1))) = (5 / (-1))|(x * 1) = (5 / (-1))|x = (5 / (-1))|x = (-5)",14
24,147,"((-1) - 2x) = -3x
","((-1) - 2x) = -3x
|((-1) + -2x) = -3x|-3x = ((-1) + -2x)|(-3x - -2x) = (((-1) + -2x) - -2x)|(((-3) - (-2)) * x) = (((-1) + -2x) - -2x)|(((-3) - (-2)) * x) = ((-1) + (-2x - -2x))|(((-3) - (-2)) * x) = ((-1) + 0)|(((-3) - (-2)) * x) = (-1)|-1x = (-1)|(x * (-1)) = (-1)|((x * (-1)) / (-1)) = ((-1) / (-1))|(x * ((-1) / (-1))) = ((-1) / (-1))|(x * 1) = ((-1) / (-1))|x = ((-1) / (-1))|x = 1",28
25,119,"(-1x + 2) = 3x
","(-1x + 2) = 3x
|((-1x + 2) - -1x) = (3x - -1x)|((-1x + 2) - -1x) = ((3 - (-1)) * x)|((2 + -1x) - -1x) = ((3 - (-1)) * x)|(2 + (-1x - -1x)) = ((3 - (-1)) * x)|((3 - (-1)) * x) = (2 + (-1x - -1x))|4x = (2 + (-1x - -1x))|(x * 4) = (2 + (-1x - -1x))|((x * 4) / 4) = ((2 + (-1x - -1x)) / 4)|((x * 4) / 4) = ((2 + 0) / 4)|(x * (4 / 4)) = ((2 + 0) / 4)|(x * 1) = ((2 + 0) / 4)|x = ((2 + 0) / 4)|x = (2 / 4)|x = [1/2]",27
26,119,"(-1x + 2) = 3x
","(-1x + 2) = 3x
|((-1x + 2) - -1x) = (3x - -1x)|((-1x + 2) - -1x) = ((3 - (-1)) * x)|((2 + -1x) - -1x) = ((3 - (-1)) * x)|(2 + (-1x - -1x)) = ((3 - (-1)) * x)|((3 - (-1)) * x) = (2 + (-1x - -1x))|4x = (2 + (-1x - -1x))|(x * 4) = (2 + (-1x - -1x))|((x * 4) / 4) = ((2 + (-1x - -1x)) / 4)|((x * 4) / 4) = ((2 + 0) / 4)|(x * (4 / 4)) = ((2 + 0) / 4)|(x * 1) = ((2 + 0) / 4)|x = ((2 + 0) / 4)|x = (2 / 4)|x = [1/2]",27
27,119,"(-1x + 2) = 3x
","(-1x + 2) = 3x
|((-1x + 2) - -1x) = (3x - -1x)|((-1x + 2) - -1x) = ((3 - (-1)) * x)|((2 + -1x) - -1x) = ((3 - (-1)) * x)|(2 + (-1x - -1x)) = ((3 - (-1)) * x)|((3 - (-1)) * x) = (2 + (-1x - -1x))|4x = (2 + (-1x - -1x))|(x * 4) = (2 + (-1x - -1x))|((x * 4) / 4) = ((2 + (-1x - -1x)) / 4)|((x * 4) / 4) = ((2 + 0) / 4)|(x * (4 / 4)) = ((2 + 0) / 4)|(x * 1) = ((2 + 0) / 4)|x = ((2 + 0) / 4)|x = (2 / 4)|x = [1/2]",27
28,236,"(-1) = -2x
","(-1) = -2x
|-2x = (-1)|(x * (-2)) = (-1)|((x * (-2)) / (-2)) = ((-1) / (-2))|(x * ((-2) / (-2))) = ((-1) / (-2))|(x * 1) = ((-1) / (-2))|x = ((-1) / (-2))|x = [1/2]",12
29,244,"(1 / (-2)) = x
","(1 / (-2)) = x
|x = (1 / (-2))|x = ([-1/2])",4
30,154,"(-1x / (-2)) = (3 / (-4))
","(-1x / (-2)) = (3 / (-4))
|((x * (-1)) / (-2)) = (3 / (-4))|(x * ((-1) / (-2))) = (3 / (-4))|(x * [1/2]) = (3 / (-4))|(x * [1/2]) = ([-3/4])|((x * [1/2]) / [1/2]) = (([-3/4]) / [1/2])|(x * ([1/2] / [1/2])) = (([-3/4]) / [1/2])|(x * 1) = (([-3/4]) / [1/2])|x = (([-3/4]) / [1/2])|x = ([-3/2])",22
31,262,"(1x - 2) = (3x - 4)
","(1x - 2) = (3x - 4)
|((1x - 2) - 1x) = ((3x - 4) - 1x)|((1x - 2) - 1x) = ((3x - 1x) - 4)|((1x - 1x) - 2) = ((3x - 1x) - 4)|((3x - 1x) - 4) = ((1x - 1x) - 2)|((3x - 1x) - 4) = (0 - 2)|(((3 - 1) * x) - 4) = (0 - 2)|(((3 - 1) * x) + (-4)) = (0 - 2)|((((3 - 1) * x) + (-4)) - (-4)) = ((0 - 2) - (-4))|(((3 - 1) * x) + ((-4) - (-4))) = ((0 - 2) - (-4))|(((3 - 1) * x) + ((-4) - (-4))) = ((-2) - (-4))|(((3 - 1) * x) + 0) = ((-2) - (-4))|(2x + 0) = ((-2) - (-4))|2x = ((-2) - (-4))|(2x / 2) = (((-2) - (-4)) / 2)|((x * 2) / 2) = (((-2) - (-4)) / 2)|(x * (2 / 2)) = (((-2) - (-4)) / 2)|(x * 1) = (((-2) - (-4)) / 2)|x = (((-2) - (-4)) / 2)|x = (2 / 2)|x = 1",37
32,49,"(-1x + 2x) = ((-3) + 4)
","(-1x + 2x) = ((-3) + 4)
|(((-1) + 2) * x) = ((-3) + 4)|1x = ((-3) + 4)|1x = 1|x = 1",10
33,108,"(-1x + 2) = ((-3) + -4x)
","(-1x + 2) = ((-3) + -4x)
|((-1x + 2) - 2) = (((-3) + -4x) - 2)|(((-1x + 2) - 2) - -4x) = ((((-3) + -4x) - 2) - -4x)|((-1x + (2 - 2)) - -4x) = ((((-3) + -4x) - 2) - -4x)|((-1x + 0) - -4x) = ((((-3) + -4x) - 2) - -4x)|((-1x + 0) - -4x) = ((((-3) + -4x) - -4x) - 2)|((-1x + 0) - -4x) = (((-3) + (-4x - -4x)) - 2)|((-1x + 0) - -4x) = (((-3) + 0) - 2)|((-1x + 0) - -4x) = ((-3) - 2)|(-1x - -4x) = ((-3) - 2)|(((-1) - (-4)) * x) = ((-3) - 2)|3x = ((-3) - 2)|(x * 3) = ((-3) - 2)|((x * 3) / 3) = (((-3) - 2) / 3)|(x * (3 / 3)) = (((-3) - 2) / 3)|(x * 1) = (((-3) - 2) / 3)|x = (((-3) - 2) / 3)|x = ((-5) / 3)|x = ([-5/3])",34
34,9,"(-1x / x) = -2x
","(-1x / x) = -2x
|((-1x / x) / (-2)) = (-2x / (-2))|((-1x / x) / (-2)) = ((x * (-2)) / (-2))|((x * (-2)) / (-2)) = ((-1x / x) / (-2))|(x * ((-2) / (-2))) = ((-1x / x) / (-2))|(x * 1) = ((-1x / x) / (-2))|x = ((-1x / x) / (-2))|x = (((-1) * (x / x)) / (-2))|x = (((-1) * 1) / (-2))|x = ((-1) / (-2))|x = [1/2]",18
35,30,"(1 / x) = 2
","(1 / x) = 2
|((1 / x) / 2) = (2 / 2)|(((1 / x) / 2) * x) = ((2 / 2) * x)|(((1 / x) / 2) * x) = 1x|(x * ((1 / x) / 2)) = 1x|((x * (1 / x)) / 2) = 1x|(((x * 1) / x) / 2) = 1x|((x / x) / 2) = 1x|1x = ((x / x) / 2)|x = ((x / x) / 2)|x = (1 / 2)|x = [1/2]",28
36,30,"(1 / x) = 2
","(1 / x) = 2
|((1 / x) / 2) = (2 / 2)|(((1 / x) / 2) * x) = ((2 / 2) * x)|(((1 / x) / 2) * x) = 1x|(x * ((1 / x) / 2)) = 1x|((x * (1 / x)) / 2) = 1x|(((x * 1) / x) / 2) = 1x|((x / x) / 2) = 1x|1x = ((x / x) / 2)|x = ((x / x) / 2)|x = (1 / 2)|x = [1/2]",28
37,266,"(1x + (-2)) = 3
","(1x + (-2)) = 3
|((1x + (-2)) - (-2)) = (3 - (-2))|(1x + ((-2) - (-2))) = (3 - (-2))|(1x + 0) = (3 - (-2))|(1x + 0) = 5|1x = 5|x = 5",11
38,243,"(1x + 2) = (3 + -4x)
","(1x + 2) = (3 + -4x)
|((1x + 2) - 2) = ((3 + -4x) - 2)|(((1x + 2) - 2) - -4x) = (((3 + -4x) - 2) - -4x)|((1x + (2 - 2)) - -4x) = (((3 + -4x) - 2) - -4x)|((1x + 0) - -4x) = (((3 + -4x) - 2) - -4x)|((1x + 0) - -4x) = (((-4x + 3) - 2) - -4x)|((1x + 0) - -4x) = ((-4x + (3 - 2)) - -4x)|((1x + 0) - -4x) = (((3 - 2) + -4x) - -4x)|((1x + 0) - -4x) = ((3 - 2) + (-4x - -4x))|((1x + 0) - -4x) = ((3 - 2) + 0)|((1x + 0) - -4x) = (3 - 2)|(1x - -4x) = (3 - 2)|((1 - (-4)) * x) = (3 - 2)|5x = (3 - 2)|(x * 5) = (3 - 2)|(x * 5) = 1|((x * 5) / 5) = (1 / 5)|(x * (5 / 5)) = (1 / 5)|(x * 1) = (1 / 5)|x = (1 / 5)|x = [1/5]",38
39,243,"(1x + 2) = (3 + -4x)
","(1x + 2) = (3 + -4x)
|((1x + 2) - 2) = ((3 + -4x) - 2)|(((1x + 2) - 2) - -4x) = (((3 + -4x) - 2) - -4x)|((1x + (2 - 2)) - -4x) = (((3 + -4x) - 2) - -4x)|((1x + 0) - -4x) = (((3 + -4x) - 2) - -4x)|((1x + 0) - -4x) = (((-4x + 3) - 2) - -4x)|((1x + 0) - -4x) = ((-4x + (3 - 2)) - -4x)|((1x + 0) - -4x) = (((3 - 2) + -4x) - -4x)|((1x + 0) - -4x) = ((3 - 2) + (-4x - -4x))|((1x + 0) - -4x) = ((3 - 2) + 0)|((1x + 0) - -4x) = (3 - 2)|(1x - -4x) = (3 - 2)|((1 - (-4)) * x) = (3 - 2)|5x = (3 - 2)|(x * 5) = (3 - 2)|(x * 5) = 1|((x * 5) / 5) = (1 / 5)|(x * (5 / 5)) = (1 / 5)|(x * 1) = (1 / 5)|x = (1 / 5)|x = [1/5]",38
40,3,"(-1x + (-2)) = (-3x + (-4))
","(-1x + (-2)) = (-3x + (-4))
|((-1x + (-2)) - (-2)) = ((-3x + (-4)) - (-2))|(-1x + ((-2) - (-2))) = ((-3x + (-4)) - (-2))|(-1x + ((-2) - (-2))) = (((-4) + -3x) - (-2))|(-1x + 0) = (((-4) + -3x) - (-2))|((-1x + 0) - -3x) = ((((-4) + -3x) - (-2)) - -3x)|((-1x + 0) - -3x) = ((((-4) + -3x) - -3x) - (-2))|((-1x + 0) - -3x) = (((-4) + (-3x - -3x)) - (-2))|((-1x + 0) - -3x) = (((-4) + 0) - (-2))|((-1x + 0) - -3x) = ((-4) - (-2))|(-1x - -3x) = ((-4) - (-2))|(((-1) - (-3)) * x) = ((-4) - (-2))|2x = ((-4) - (-2))|(x * 2) = ((-4) - (-2))|((x * 2) / 2) = (((-4) - (-2)) / 2)|(x * (2 / 2)) = (((-4) - (-2)) / 2)|(x * 1) = (((-4) - (-2)) / 2)|x = (((-4) - (-2)) / 2)|x = ((-2) / 2)|x = (-1)",36
41,125,"(-1) = ((2 / x) + (-3))
","(-1) = ((2 / x) + (-3))
|((-1) - (-3)) = (((2 / x) + (-3)) - (-3))|2 = (((2 / x) + (-3)) - (-3))|(2 / 2) = ((((2 / x) + (-3)) - (-3)) / 2)|((2 / 2) * x) = (((((2 / x) + (-3)) - (-3)) / 2) * x)|1x = (((((2 / x) + (-3)) - (-3)) / 2) * x)|x = (((((2 / x) + (-3)) - (-3)) / 2) * x)|x = ((((2 / x) + ((-3) - (-3))) / 2) * x)|x = ((((2 / x) + 0) / 2) * x)|x = (((2 / x) / 2) * x)|x = (x * ((2 / x) / 2))|x = ((x * (2 / x)) / 2)|x = (((x * 2) / x) / 2)|x = ((2x / x) / 2)|x = ((2 * (x / x)) / 2)|x = ((2 * 1) / 2)|x = (2 / 2)|x = 1",38
42,44,"((-1) + 2x) = (-3x + (-4))
","((-1) + 2x) = (-3x + (-4))
|(((-1) + 2x) - (-4)) = ((-3x + (-4)) - (-4))|((-3x + (-4)) - (-4)) = (((-1) + 2x) - (-4))|(-3x + ((-4) - (-4))) = (((-1) + 2x) - (-4))|(-3x + 0) = (((-1) + 2x) - (-4))|((-3x + 0) - 2x) = ((((-1) + 2x) - (-4)) - 2x)|((-3x + 0) - 2x) = ((((-1) + 2x) - 2x) - (-4))|((-3x + 0) - 2x) = (((-1) + (2x - 2x)) - (-4))|((-3x + 0) - 2x) = (((-1) + 0) - (-4))|((-3x + 0) - 2x) = ((-1) - (-4))|(-3x - 2x) = ((-1) - (-4))|(((-3) - 2) * x) = ((-1) - (-4))|-5x = ((-1) - (-4))|(x * (-5)) = ((-1) - (-4))|(x * (-5)) = 3|((x * (-5)) / (-5)) = (3 / (-5))|(x * ((-5) / (-5))) = (3 / (-5))|(x * 1) = (3 / (-5))|x = (3 / (-5))|x = ([-3/5])",35
43,256,"(1 / x) = (-2)
","(1 / x) = (-2)
|((1 / x) / (-2)) = ((-2) / (-2))|(((1 / x) / (-2)) * x) = (((-2) / (-2)) * x)|(((1 / x) / (-2)) * x) = 1x|(x * ((1 / x) / (-2))) = 1x|((x * (1 / x)) / (-2)) = 1x|(((x * 1) / x) / (-2)) = 1x|(((x * 1) / x) / (-2)) = x|x = (((x * 1) / x) / (-2))|x = ((x / x) / (-2))|x = (1 / (-2))|x = ([-1/2])",30
44,105,"1x = 2
","1x = 2
|x = 2",2
45,101,"((1 + 2x) - 3) = -4x
","((1 + 2x) - 3) = -4x
|(((1 + 2x) - 3) - 2x) = (-4x - 2x)|(-4x - 2x) = (((1 + 2x) - 3) - 2x)|(((-4) - 2) * x) = (((1 + 2x) - 3) - 2x)|(((-4) - 2) * x) = (((1 + 2x) - 2x) - 3)|(((-4) - 2) * x) = ((1 + (2x - 2x)) - 3)|(((-4) - 2) * x) = ((1 + 0) - 3)|(((-4) - 2) * x) = (1 - 3)|-6x = (1 - 3)|(x * (-6)) = (1 - 3)|((x * (-6)) / (-6)) = ((1 - 3) / (-6))|(x * ((-6) / (-6))) = ((1 - 3) / (-6))|(x * 1) = ((1 - 3) / (-6))|x = ((1 - 3) / (-6))|x = ((-2) / (-6))|x = [1/3]",31
46,254,"(-1x + (-2)) = (-3x + 4)
","(-1x + (-2)) = (-3x + 4)
|((-1x + (-2)) - (-2)) = ((-3x + 4) - (-2))|(-1x + ((-2) - (-2))) = ((-3x + 4) - (-2))|(-1x + ((-2) - (-2))) = ((4 + -3x) - (-2))|(-1x + 0) = ((4 + -3x) - (-2))|((-1x + 0) - -3x) = (((4 + -3x) - (-2)) - -3x)|((-1x + 0) - -3x) = (((4 + -3x) - -3x) - (-2))|((-1x + 0) - -3x) = ((4 + (-3x - -3x)) - (-2))|((-1x + 0) - -3x) = ((4 + 0) - (-2))|(-1x - -3x) = ((4 + 0) - (-2))|(((-1) - (-3)) * x) = ((4 + 0) - (-2))|2x = ((4 + 0) - (-2))|2x = (4 - (-2))|(2x / 2) = ((4 - (-2)) / 2)|((x * 2) / 2) = ((4 - (-2)) / 2)|(x * (2 / 2)) = ((4 - (-2)) / 2)|(x * 1) = ((4 - (-2)) / 2)|x = ((4 - (-2)) / 2)|x = (6 / 2)|x = 3",36
47,247,"(-1x - 2x) = ((-3) + 4)
","(-1x - 2x) = ((-3) + 4)
|(((-1) - 2) * x) = ((-3) + 4)|-3x = ((-3) + 4)|(x * (-3)) = ((-3) + 4)|(x * (-3)) = 1|((x * (-3)) / (-3)) = (1 / (-3))|(x * ((-3) / (-3))) = (1 / (-3))|(x * 1) = (1 / (-3))|x = (1 / (-3))|x = ([-1/3])",19
48,241,"(1 + 2x) = ((-3) + -4x)
","(1 + 2x) = ((-3) + -4x)
|((1 + 2x) - -4x) = (((-3) + -4x) - -4x)|(((1 + 2x) - -4x) - (-4)) = ((((-3) + -4x) - -4x) - (-4))|(((1 + 2x) - (-4)) - -4x) = ((((-3) + -4x) - -4x) - (-4))|((1 + (2x - (-4))) - -4x) = ((((-3) + -4x) - -4x) - (-4))|((1 + (2x - (-4))) - -4x) = (((-3) + (-4x - -4x)) - (-4))|((1 + (2x - (-4))) - -4x) = (((-3) + 0) - (-4))|((1 + (2x - (-4))) - -4x) = ((-3) - (-4))|(((1 + 2x) - (-4)) - -4x) = ((-3) - (-4))|(((2x + 1) - (-4)) - -4x) = ((-3) - (-4))|((2x + (1 - (-4))) - -4x) = ((-3) - (-4))|(((1 - (-4)) + 2x) - -4x) = ((-3) - (-4))|((1 - (-4)) + (2x - -4x)) = ((-3) - (-4))|((1 - (-4)) + ((2 - (-4)) * x)) = ((-3) - (-4))|((1 - (-4)) + 6x) = ((-3) - (-4))|(5 + 6x) = ((-3) - (-4))|(6x + 5) = ((-3) - (-4))|((6x + 5) - 5) = (((-3) - (-4)) - 5)|(((6x + 5) - 5) / 6) = ((((-3) - (-4)) - 5) / 6)|((6x + (5 - 5)) / 6) = ((((-3) - (-4)) - 5) / 6)|(((x * 6) + (5 - 5)) / 6) = ((((-3) - (-4)) - 5) / 6)|(((x * 6) + (5 - 5)) / 6) = ((1 - 5) / 6)|(((x * 6) + 0) / 6) = ((1 - 5) / 6)|((x * 6) / 6) = ((1 - 5) / 6)|(x * (6 / 6)) = ((1 - 5) / 6)|(x * 1) = ((1 - 5) / 6)|x = ((1 - 5) / 6)|x = ((-4) / 6)|x = ([-2/3])",50
49,230,"(1 + ((-2) / x)) = 3
","(1 + ((-2) / x)) = 3
|(((-2) / x) + 1) = 3|((((-2) / x) + 1) - 1) = (3 - 1)|((((-2) / x) + 1) - 1) = 2|(((-2) / x) + (1 - 1)) = 2|(((-2) / x) + 0) = 2|((((-2) / x) + 0) / 2) = (2 / 2)|(((((-2) / x) + 0) / 2) * x) = ((2 / 2) * x)|((((-2) / x) / 2) * x) = ((2 / 2) * x)|((((-2) / x) / 2) * x) = 1x|(x * (((-2) / x) / 2)) = 1x|((x * ((-2) / x)) / 2) = 1x|(((x * (-2)) / x) / 2) = 1x|((-2x / x) / 2) = 1x|(((-2) * (x / x)) / 2) = 1x|(((-2) * 1) / 2) = 1x|(((-2) * 1) / 2) = x|x = (((-2) * 1) / 2)|x = ((-2) / 2)|x = (-1)",43
50,59,"(((-1) / x) + 2) = 3
","(((-1) / x) + 2) = 3
|((((-1) / x) + 2) - 2) = (3 - 2)|(((-1) / x) + (2 - 2)) = (3 - 2)|(((-1) / x) + 0) = (3 - 2)|(((-1) / x) + 0) = 1|((((-1) / x) + 0) * x) = 1x|(x * (((-1) / x) + 0)) = 1x|(x * ((-1) / x)) = 1x|((x * (-1)) / x) = 1x|(-1x / x) = 1x|((-1) * (x / x)) = 1x|((x / x) * (-1)) = 1x|(1 * (-1)) = 1x|1x = (1 * (-1))|x = (1 * (-1))|x = (-1)",29
51,75,"((-1) + -2x) = (-3x + 4)
","((-1) + -2x) = (-3x + 4)
|(((-1) + -2x) - 4) = ((-3x + 4) - 4)|((-3x + 4) - 4) = (((-1) + -2x) - 4)|(((-3x + 4) - 4) - -2x) = ((((-1) + -2x) - 4) - -2x)|((-3x + (4 - 4)) - -2x) = ((((-1) + -2x) - 4) - -2x)|((-3x + 0) - -2x) = ((((-1) + -2x) - 4) - -2x)|((-3x + 0) - -2x) = ((((-1) + -2x) - -2x) - 4)|((-3x + 0) - -2x) = (((-1) + (-2x - -2x)) - 4)|((-3x + 0) - -2x) = (((-1) + 0) - 4)|((-3x + 0) - -2x) = ((-1) - 4)|(-3x - -2x) = ((-1) - 4)|(((-3) - (-2)) * x) = ((-1) - 4)|-1x = ((-1) - 4)|(x * (-1)) = ((-1) - 4)|((x * (-1)) * (-1)) = (((-1) - 4) * (-1))|(x * ((-1) * (-1))) = (((-1) - 4) * (-1))|(x * 1) = (((-1) - 4) * (-1))|x = (((-1) - 4) * (-1))|x = ((-5) * (-1))|x = 5",36
52,181,"(1x + 2) = (3x + (-4))
","(1x + 2) = (3x + (-4))
|((1x + 2) - 2) = ((3x + (-4)) - 2)|(1x + (2 - 2)) = ((3x + (-4)) - 2)|(1x + (2 - 2)) = (3x + ((-4) - 2))|(1x + (2 - 2)) = (((-4) - 2) + 3x)|(1x + 0) = (((-4) - 2) + 3x)|1x = (((-4) - 2) + 3x)|(1x - 3x) = ((((-4) - 2) + 3x) - 3x)|((1 - 3) * x) = ((((-4) - 2) + 3x) - 3x)|((1 - 3) * x) = (((-4) - 2) + (3x - 3x))|-2x = (((-4) - 2) + (3x - 3x))|-2x = (((-4) - 2) + 0)|(-2x / (-2)) = ((((-4) - 2) + 0) / (-2))|((x * (-2)) / (-2)) = ((((-4) - 2) + 0) / (-2))|(x * ((-2) / (-2))) = ((((-4) - 2) + 0) / (-2))|(x * 1) = ((((-4) - 2) + 0) / (-2))|x = ((((-4) - 2) + 0) / (-2))|x = (((-4) - 2) / (-2))|x = ((-6) / (-2))|x = 3",36
53,91,"1 = ((2 / x) + (-3))
","1 = ((2 / x) + (-3))
|(1 - (-3)) = (((2 / x) + (-3)) - (-3))|4 = (((2 / x) + (-3)) - (-3))|(4 / 4) = ((((2 / x) + (-3)) - (-3)) / 4)|((4 / 4) * x) = (((((2 / x) + (-3)) - (-3)) / 4) * x)|1x = (((((2 / x) + (-3)) - (-3)) / 4) * x)|x = (((((2 / x) + (-3)) - (-3)) / 4) * x)|x = ((((2 / x) + ((-3) - (-3))) / 4) * x)|x = ((((2 / x) + 0) / 4) * x)|x = (x * (((2 / x) + 0) / 4))|x = ((x * ((2 / x) + 0)) / 4)|x = ((x * (2 / x)) / 4)|x = (((x * 2) / x) / 4)|x = ((2x / x) / 4)|x = ((2 * (x / x)) / 4)|x = ((2 * 1) / 4)|x = (2 / 4)|x = [1/2]",37
54,237,"-1x = (((-2) + -3x) - 4)
","-1x = (((-2) + -3x) - 4)
|(-1x - -3x) = ((((-2) + -3x) - 4) - -3x)|(((-1) - (-3)) * x) = ((((-2) + -3x) - 4) - -3x)|2x = ((((-2) + -3x) - 4) - -3x)|2x = ((((-2) + -3x) - -3x) - 4)|2x = (((-2) + (-3x - -3x)) - 4)|(x * 2) = (((-2) + (-3x - -3x)) - 4)|((x * 2) / 2) = ((((-2) + (-3x - -3x)) - 4) / 2)|((x * 2) / 2) = ((((-2) + 0) - 4) / 2)|((x * 2) / 2) = (((-2) - 4) / 2)|(x * (2 / 2)) = (((-2) - 4) / 2)|(x * 1) = (((-2) - 4) / 2)|x = (((-2) - 4) / 2)|x = ((-6) / 2)|x = (-3)",28
55,237,"-1x = (((-2) + -3x) - 4)
","-1x = (((-2) + -3x) - 4)
|(-1x - -3x) = ((((-2) + -3x) - 4) - -3x)|(((-1) - (-3)) * x) = ((((-2) + -3x) - 4) - -3x)|2x = ((((-2) + -3x) - 4) - -3x)|2x = ((((-2) + -3x) - -3x) - 4)|2x = (((-2) + (-3x - -3x)) - 4)|(x * 2) = (((-2) + (-3x - -3x)) - 4)|((x * 2) / 2) = ((((-2) + (-3x - -3x)) - 4) / 2)|((x * 2) / 2) = ((((-2) + 0) - 4) / 2)|((x * 2) / 2) = (((-2) - 4) / 2)|(x * (2 / 2)) = (((-2) - 4) / 2)|(x * 1) = (((-2) - 4) / 2)|x = (((-2) - 4) / 2)|x = ((-6) / 2)|x = (-3)",28
56,5,"(1x - 2) = -3x
","(1x - 2) = -3x
|((1x - 2) - 1x) = (-3x - 1x)|(-3x - 1x) = ((1x - 2) - 1x)|(((-3) - 1) * x) = ((1x - 2) - 1x)|(((-3) - 1) * x) = ((1x - 1x) - 2)|(((-3) - 1) * x) = (0 - 2)|-4x = (0 - 2)|(x * (-4)) = (0 - 2)|((x * (-4)) / (-4)) = ((0 - 2) / (-4))|(x * ((-4) / (-4))) = ((0 - 2) / (-4))|(x * 1) = ((0 - 2) / (-4))|x = ((0 - 2) / (-4))|x = ((-2) / (-4))|x = [1/2]",26
57,172,"(-1) = (2x + 3)
","(-1) = (2x + 3)
|((-1) - 3) = ((2x + 3) - 3)|((2x + 3) - 3) = ((-1) - 3)|(2x + (3 - 3)) = ((-1) - 3)|((2x + (3 - 3)) / 2) = (((-1) - 3) / 2)|(((x * 2) + (3 - 3)) / 2) = (((-1) - 3) / 2)|(((x * 2) + 0) / 2) = (((-1) - 3) / 2)|((x * 2) / 2) = (((-1) - 3) / 2)|(x * (2 / 2)) = (((-1) - 3) / 2)|(x * 1) = (((-1) - 3) / 2)|x = (((-1) - 3) / 2)|x = ((-4) / 2)|x = (-2)",23
58,248,"((-1x + 2) + 3) = -4x
","((-1x + 2) + 3) = -4x
|(((-1x + 2) + 3) - -1x) = (-4x - -1x)|(((-1x + 2) + 3) - -1x) = (((-4) - (-1)) * x)|((-1x + (2 + 3)) - -1x) = (((-4) - (-1)) * x)|(((2 + 3) + -1x) - -1x) = (((-4) - (-1)) * x)|((2 + 3) + (-1x - -1x)) = (((-4) - (-1)) * x)|(((-4) - (-1)) * x) = ((2 + 3) + (-1x - -1x))|-3x = ((2 + 3) + (-1x - -1x))|(x * (-3)) = ((2 + 3) + (-1x - -1x))|((x * (-3)) / (-3)) = (((2 + 3) + (-1x - -1x)) / (-3))|((x * (-3)) / (-3)) = (((2 + 3) + 0) / (-3))|(x * ((-3) / (-3))) = (((2 + 3) + 0) / (-3))|(x * 1) = (((2 + 3) + 0) / (-3))|x = (((2 + 3) + 0) / (-3))|x = ((2 + 3) / (-3))|x = (5 / (-3))|x = ([-5/3])",31
59,235,"(-1) = 2x
","(-1) = 2x
|2x = (-1)|(2x / 2) = ((-1) / 2)|((x * 2) / 2) = ((-1) / 2)|(x * (2 / 2)) = ((-1) / 2)|(x * 1) = ((-1) / 2)|x = ((-1) / 2)|x = ([-1/2])",12
60,0,"(1 / 2) = x
","(1 / 2) = x
|x = (1 / 2)|x = [1/2]",4
61,0,"(1 / 2) = x
","(1 / 2) = x
|x = (1 / 2)|x = [1/2]",4
62,273,"x = ((-1) / 2)
","x = ((-1) / 2)
|x = ([-1/2])",2
63,80,"(1x + (-2)) = ((-3) + -4x)
","(1x + (-2)) = ((-3) + -4x)
|((1x + (-2)) - (-2)) = (((-3) + -4x) - (-2))|(1x + ((-2) - (-2))) = (((-3) + -4x) - (-2))|(1x + 0) = (((-3) + -4x) - (-2))|((1x + 0) - -4x) = ((((-3) + -4x) - (-2)) - -4x)|((1x + 0) - -4x) = (((-4x + (-3)) - (-2)) - -4x)|((1x + 0) - -4x) = ((-4x + ((-3) - (-2))) - -4x)|((1x + 0) - -4x) = ((((-3) - (-2)) + -4x) - -4x)|((1x + 0) - -4x) = (((-3) - (-2)) + (-4x - -4x))|((1x + 0) - -4x) = (((-3) - (-2)) + 0)|((1x + 0) - -4x) = ((-3) - (-2))|(1x - -4x) = ((-3) - (-2))|((1 - (-4)) * x) = ((-3) - (-2))|5x = ((-3) - (-2))|(5x / 5) = (((-3) - (-2)) / 5)|((x * 5) / 5) = (((-3) - (-2)) / 5)|(x * (5 / 5)) = (((-3) - (-2)) / 5)|(x * 1) = (((-3) - (-2)) / 5)|x = (((-3) - (-2)) / 5)|x = ((-1) / 5)|x = ([-1/5])",38
64,80,"(1x + (-2)) = ((-3) + -4x)
","(1x + (-2)) = ((-3) + -4x)
|((1x + (-2)) - (-2)) = (((-3) + -4x) - (-2))|(1x + ((-2) - (-2))) = (((-3) + -4x) - (-2))|(1x + 0) = (((-3) + -4x) - (-2))|((1x + 0) - -4x) = ((((-3) + -4x) - (-2)) - -4x)|((1x + 0) - -4x) = (((-4x + (-3)) - (-2)) - -4x)|((1x + 0) - -4x) = ((-4x + ((-3) - (-2))) - -4x)|((1x + 0) - -4x) = ((((-3) - (-2)) + -4x) - -4x)|((1x + 0) - -4x) = (((-3) - (-2)) + (-4x - -4x))|((1x + 0) - -4x) = (((-3) - (-2)) + 0)|((1x + 0) - -4x) = ((-3) - (-2))|(1x - -4x) = ((-3) - (-2))|((1 - (-4)) * x) = ((-3) - (-2))|5x = ((-3) - (-2))|(5x / 5) = (((-3) - (-2)) / 5)|((x * 5) / 5) = (((-3) - (-2)) / 5)|(x * (5 / 5)) = (((-3) - (-2)) / 5)|(x * 1) = (((-3) - (-2)) / 5)|x = (((-3) - (-2)) / 5)|x = ((-1) / 5)|x = ([-1/5])",38
65,158,"(-1) = (((-2) / x) + 3)
","(-1) = (((-2) / x) + 3)
|((-1) - 3) = ((((-2) / x) + 3) - 3)|(-4) = ((((-2) / x) + 3) - 3)|((-4) / (-4)) = (((((-2) / x) + 3) - 3) / (-4))|(((-4) / (-4)) * x) = ((((((-2) / x) + 3) - 3) / (-4)) * x)|1x = ((((((-2) / x) + 3) - 3) / (-4)) * x)|x = ((((((-2) / x) + 3) - 3) / (-4)) * x)|x = (((((-2) / x) + (3 - 3)) / (-4)) * x)|x = (((((-2) / x) + 0) / (-4)) * x)|x = (x * ((((-2) / x) + 0) / (-4)))|x = ((x * (((-2) / x) + 0)) / (-4))|x = ((x * ((-2) / x)) / (-4))|x = (((x * (-2)) / x) / (-4))|x = ((-2x / x) / (-4))|x = (((-2) * (x / x)) / (-4))|x = (((-2) * 1) / (-4))|x = ((-2) / (-4))|x = [1/2]",37
66,135,"(1 + (2 / x)) = 3
","(1 + (2 / x)) = 3
|((2 / x) + 1) = 3|(((2 / x) + 1) - 1) = (3 - 1)|(((2 / x) + 1) - 1) = 2|((2 / x) + (1 - 1)) = 2|((2 / x) + 0) = 2|(2 / x) = 2|((2 / x) / 2) = (2 / 2)|(((2 / x) / 2) * x) = ((2 / 2) * x)|(((2 / x) / 2) * x) = 1x|(x * ((2 / x) / 2)) = 1x|((x * (2 / x)) / 2) = 1x|((x * (2 / x)) / 2) = x|x = ((x * (2 / x)) / 2)|x = (((x * 2) / x) / 2)|x = ((2x / x) / 2)|x = ((2 * (x / x)) / 2)|x = ((2 * 1) / 2)|x = (2 / 2)|x = 1",45
67,26,"(1 + -2x) = ((-3) + -4x)
","(1 + -2x) = ((-3) + -4x)
|((1 + -2x) - -4x) = (((-3) + -4x) - -4x)|((1 + -2x) - -4x) = ((-3) + (-4x - -4x))|((1 + -2x) - -4x) = ((-3) + 0)|(1 + (-2x - -4x)) = ((-3) + 0)|((-2x - -4x) + 1) = ((-3) + 0)|((((-2) - (-4)) * x) + 1) = ((-3) + 0)|(((((-2) - (-4)) * x) + 1) - 1) = (((-3) + 0) - 1)|(((((-2) - (-4)) * x) + 1) - 1) = ((-3) - 1)|((((-2) - (-4)) * x) + (1 - 1)) = ((-3) - 1)|((((-2) - (-4)) * x) + 0) = ((-3) - 1)|(((-2) - (-4)) * x) = ((-3) - 1)|2x = ((-3) - 1)|(2x / 2) = (((-3) - 1) / 2)|((x * 2) / 2) = (((-3) - 1) / 2)|(x * (2 / 2)) = (((-3) - 1) / 2)|(x * 1) = (((-3) - 1) / 2)|x = (((-3) - 1) / 2)|x = ((-4) / 2)|x = (-2)",38
68,170,"1 = (-2x + 3)
","1 = (-2x + 3)
|(1 - 3) = ((-2x + 3) - 3)|((-2x + 3) - 3) = (1 - 3)|(-2x + (3 - 3)) = (1 - 3)|((x * (-2)) + (3 - 3)) = (1 - 3)|((x * (-2)) + 0) = (1 - 3)|(x * (-2)) = (1 - 3)|((x * (-2)) / (-2)) = ((1 - 3) / (-2))|(x * ((-2) / (-2))) = ((1 - 3) / (-2))|(x * 1) = ((1 - 3) / (-2))|x = ((1 - 3) / (-2))|x = ((-2) / (-2))|x = 1",23
69,170,"1 = (-2x + 3)
","1 = (-2x + 3)
|(1 - 3) = ((-2x + 3) - 3)|((-2x + 3) - 3) = (1 - 3)|(-2x + (3 - 3)) = (1 - 3)|((x * (-2)) + (3 - 3)) = (1 - 3)|((x * (-2)) + 0) = (1 - 3)|(x * (-2)) = (1 - 3)|((x * (-2)) / (-2)) = ((1 - 3) / (-2))|(x * ((-2) / (-2))) = ((1 - 3) / (-2))|(x * 1) = ((1 - 3) / (-2))|x = ((1 - 3) / (-2))|x = ((-2) / (-2))|x = 1",23
70,170,"1 = (-2x + 3)
","1 = (-2x + 3)
|(1 - 3) = ((-2x + 3) - 3)|((-2x + 3) - 3) = (1 - 3)|(-2x + (3 - 3)) = (1 - 3)|((x * (-2)) + (3 - 3)) = (1 - 3)|((x * (-2)) + 0) = (1 - 3)|(x * (-2)) = (1 - 3)|((x * (-2)) / (-2)) = ((1 - 3) / (-2))|(x * ((-2) / (-2))) = ((1 - 3) / (-2))|(x * 1) = ((1 - 3) / (-2))|x = ((1 - 3) / (-2))|x = ((-2) / (-2))|x = 1",23
71,56,"((-1) + -2x) = (3 + -4x)
","((-1) + -2x) = (3 + -4x)
|(((-1) + -2x) - -4x) = ((3 + -4x) - -4x)|((3 + -4x) - -4x) = (((-1) + -2x) - -4x)|(3 + (-4x - -4x)) = (((-1) + -2x) - -4x)|(3 + (((-4) - (-4)) * x)) = (((-1) + -2x) - -4x)|(3 + (((-4) - (-4)) * x)) = ((-1) + (-2x - -4x))|(3 + (((-4) - (-4)) * x)) = ((-1) + (((-2) - (-4)) * x))|(3 + (((-4) - (-4)) * x)) = ((((-2) - (-4)) * x) + (-1))|(3 + (-4x - -4x)) = ((((-2) - (-4)) * x) + (-1))|((3 + (-4x - -4x)) - (-1)) = (((((-2) - (-4)) * x) + (-1)) - (-1))|((3 + 0) - (-1)) = (((((-2) - (-4)) * x) + (-1)) - (-1))|((3 + 0) - (-1)) = ((((-2) - (-4)) * x) + ((-1) - (-1)))|((3 + 0) - (-1)) = ((((-2) - (-4)) * x) + 0)|((((-2) - (-4)) * x) + 0) = ((3 + 0) - (-1))|((((-2) - (-4)) * x) + 0) = (3 - (-1))|(((-2) - (-4)) * x) = (3 - (-1))|2x = (3 - (-1))|(2x / 2) = ((3 - (-1)) / 2)|((x * 2) / 2) = ((3 - (-1)) / 2)|(x * (2 / 2)) = ((3 - (-1)) / 2)|(x * 1) = ((3 - (-1)) / 2)|x = ((3 - (-1)) / 2)|x = (4 / 2)|x = 2",44
72,56,"((-1) + -2x) = (3 + -4x)
","((-1) + -2x) = (3 + -4x)
|(((-1) + -2x) - -4x) = ((3 + -4x) - -4x)|((3 + -4x) - -4x) = (((-1) + -2x) - -4x)|(3 + (-4x - -4x)) = (((-1) + -2x) - -4x)|(3 + (((-4) - (-4)) * x)) = (((-1) + -2x) - -4x)|(3 + (((-4) - (-4)) * x)) = ((-1) + (-2x - -4x))|(3 + (((-4) - (-4)) * x)) = ((-1) + (((-2) - (-4)) * x))|(3 + (((-4) - (-4)) * x)) = ((((-2) - (-4)) * x) + (-1))|(3 + (-4x - -4x)) = ((((-2) - (-4)) * x) + (-1))|((3 + (-4x - -4x)) - (-1)) = (((((-2) - (-4)) * x) + (-1)) - (-1))|((3 + 0) - (-1)) = (((((-2) - (-4)) * x) + (-1)) - (-1))|((3 + 0) - (-1)) = ((((-2) - (-4)) * x) + ((-1) - (-1)))|((3 + 0) - (-1)) = ((((-2) - (-4)) * x) + 0)|((((-2) - (-4)) * x) + 0) = ((3 + 0) - (-1))|((((-2) - (-4)) * x) + 0) = (3 - (-1))|(((-2) - (-4)) * x) = (3 - (-1))|2x = (3 - (-1))|(2x / 2) = ((3 - (-1)) / 2)|((x * 2) / 2) = ((3 - (-1)) / 2)|(x * (2 / 2)) = ((3 - (-1)) / 2)|(x * 1) = ((3 - (-1)) / 2)|x = ((3 - (-1)) / 2)|x = (4 / 2)|x = 2",44
73,107,"(1x + 2) = ((-3) + 4x)
","(1x + 2) = ((-3) + 4x)
|((1x + 2) - 2) = (((-3) + 4x) - 2)|(((1x + 2) - 2) - 4x) = ((((-3) + 4x) - 2) - 4x)|((1x + (2 - 2)) - 4x) = ((((-3) + 4x) - 2) - 4x)|((1x + 0) - 4x) = ((((-3) + 4x) - 2) - 4x)|((1x + 0) - 4x) = ((((-3) + 4x) - 4x) - 2)|((1x + 0) - 4x) = (((-3) + (4x - 4x)) - 2)|((1x + 0) - 4x) = (((-3) + 0) - 2)|((1x + 0) - 4x) = ((-3) - 2)|(1x - 4x) = ((-3) - 2)|((1 - 4) * x) = ((-3) - 2)|-3x = ((-3) - 2)|(x * (-3)) = ((-3) - 2)|((x * (-3)) / (-3)) = (((-3) - 2) / (-3))|(x * ((-3) / (-3))) = (((-3) - 2) / (-3))|(x * 1) = (((-3) - 2) / (-3))|x = (((-3) - 2) / (-3))|x = ((-5) / (-3))|x = [5/3]",34
74,31,"((-1) + -2x) = (-3x + (-4))
","((-1) + -2x) = (-3x + (-4))
|(((-1) + -2x) - (-4)) = ((-3x + (-4)) - (-4))|((-3x + (-4)) - (-4)) = (((-1) + -2x) - (-4))|(-3x + ((-4) - (-4))) = (((-1) + -2x) - (-4))|(-3x + 0) = (((-1) + -2x) - (-4))|((-3x + 0) - -2x) = ((((-1) + -2x) - (-4)) - -2x)|((-3x + 0) - -2x) = ((((-1) + -2x) - -2x) - (-4))|((-3x + 0) - -2x) = (((-1) + (-2x - -2x)) - (-4))|((-3x + 0) - -2x) = (((-1) + 0) - (-4))|((-3x + 0) - -2x) = ((-1) - (-4))|(-3x - -2x) = ((-1) - (-4))|(((-3) - (-2)) * x) = ((-1) - (-4))|-1x = ((-1) - (-4))|(x * (-1)) = ((-1) - (-4))|((x * (-1)) * (-1)) = (((-1) - (-4)) * (-1))|(x * ((-1) * (-1))) = (((-1) - (-4)) * (-1))|(x * 1) = (((-1) - (-4)) * (-1))|(x * 1) = (3 * (-1))|x = (3 * (-1))|x = (-3)",36
75,64,"((-1x - 2) + 3) = 4x
","((-1x - 2) + 3) = 4x
|(3 + (-1x - 2)) = 4x|((3 + (-1x - 2)) - -1x) = (4x - -1x)|((3 + (-1x - 2)) - -1x) = ((4 - (-1)) * x)|(3 + ((-1x - 2) - -1x)) = ((4 - (-1)) * x)|((4 - (-1)) * x) = (3 + ((-1x - 2) - -1x))|((4 - (-1)) * x) = (3 + ((-1x - -1x) - 2))|5x = (3 + ((-1x - -1x) - 2))|(5x / 5) = ((3 + ((-1x - -1x) - 2)) / 5)|((x * 5) / 5) = ((3 + ((-1x - -1x) - 2)) / 5)|((x * 5) / 5) = ((3 + (0 - 2)) / 5)|(x * (5 / 5)) = ((3 + (0 - 2)) / 5)|(x * 1) = ((3 + (0 - 2)) / 5)|x = ((3 + (0 - 2)) / 5)|x = ((3 + (-2)) / 5)|x = (1 / 5)|x = [1/5]",32
76,177,"(1x / x) = 2x
","(1x / x) = 2x
|((1x / x) / 2) = (2x / 2)|(2x / 2) = ((1x / x) / 2)|((x * 2) / 2) = ((1x / x) / 2)|(x * (2 / 2)) = ((1x / x) / 2)|(x * 1) = ((1x / x) / 2)|x = ((1x / x) / 2)|x = ((x / x) / 2)|x = (1 / 2)|x = [1/2]",16
77,177,"(1x / x) = 2x
","(1x / x) = 2x
|((1x / x) / 2) = (2x / 2)|(2x / 2) = ((1x / x) / 2)|((x * 2) / 2) = ((1x / x) / 2)|(x * (2 / 2)) = ((1x / x) / 2)|(x * 1) = ((1x / x) / 2)|x = ((1x / x) / 2)|x = ((x / x) / 2)|x = (1 / 2)|x = [1/2]",16
78,28,"(-1x + 2x) = (-3)
","(-1x + 2x) = (-3)
|(((-1) + 2) * x) = (-3)|1x = (-3)|x = (-3)",8
79,124,"(1x + 2) = (-3)
","(1x + 2) = (-3)
|((1x + 2) - 2) = ((-3) - 2)|(1x + (2 - 2)) = ((-3) - 2)|(1x + 0) = ((-3) - 2)|(1x + 0) = (-5)|1x = (-5)|x = (-5)",11
80,69,"(-1x + (-2)) = (-3)
","(-1x + (-2)) = (-3)
|((-1x + (-2)) - (-2)) = ((-3) - (-2))|(-1x + ((-2) - (-2))) = ((-3) - (-2))|(-1x + 0) = ((-3) - (-2))|((-1x + 0) * (-1)) = (((-3) - (-2)) * (-1))|(-1x * (-1)) = (((-3) - (-2)) * (-1))|((x * (-1)) * (-1)) = (((-3) - (-2)) * (-1))|(x * ((-1) * (-1))) = (((-3) - (-2)) * (-1))|(x * 1) = (((-3) - (-2)) * (-1))|(x * 1) = ((-1) * (-1))|x = ((-1) * (-1))|x = 1",21
81,249,"(1 + -2x) = (3 + -4x)
","(1 + -2x) = (3 + -4x)
|((1 + -2x) - -4x) = ((3 + -4x) - -4x)|((3 + -4x) - -4x) = ((1 + -2x) - -4x)|(3 + (-4x - -4x)) = ((1 + -2x) - -4x)|(3 + (((-4) - (-4)) * x)) = ((1 + -2x) - -4x)|(3 + (((-4) - (-4)) * x)) = (1 + (-2x - -4x))|(3 + (((-4) - (-4)) * x)) = (1 + (((-2) - (-4)) * x))|(3 + (((-4) - (-4)) * x)) = ((((-2) - (-4)) * x) + 1)|(3 + (-4x - -4x)) = ((((-2) - (-4)) * x) + 1)|((3 + (-4x - -4x)) - 1) = (((((-2) - (-4)) * x) + 1) - 1)|((3 + (-4x - -4x)) - 1) = ((((-2) - (-4)) * x) + (1 - 1))|((3 + (-4x - -4x)) - 1) = ((((-2) - (-4)) * x) + 0)|((((-2) - (-4)) * x) + 0) = ((3 + (-4x - -4x)) - 1)|((((-2) - (-4)) * x) + 0) = ((3 + 0) - 1)|((((-2) - (-4)) * x) + 0) = (3 - 1)|(((-2) - (-4)) * x) = (3 - 1)|2x = (3 - 1)|(x * 2) = (3 - 1)|(x * 2) = 2|((x * 2) / 2) = (2 / 2)|(x * (2 / 2)) = (2 / 2)|(x * 1) = (2 / 2)|x = (2 / 2)|x = 1",44
82,116,"(1 + 2x) = (-3x + 4)
","(1 + 2x) = (-3x + 4)
|(-3x + 4) = (1 + 2x)|((-3x + 4) - 4) = ((1 + 2x) - 4)|(-3x + (4 - 4)) = ((1 + 2x) - 4)|(-3x + 0) = ((1 + 2x) - 4)|((-3x + 0) - 2x) = (((1 + 2x) - 4) - 2x)|((-3x + 0) - 2x) = (((1 + 2x) - 2x) - 4)|((-3x + 0) - 2x) = ((1 + (2x - 2x)) - 4)|((-3x + 0) - 2x) = ((1 + 0) - 4)|(-3x - 2x) = ((1 + 0) - 4)|(((-3) - 2) * x) = ((1 + 0) - 4)|(((-3) - 2) * x) = (1 - 4)|-5x = (1 - 4)|(x * (-5)) = (1 - 4)|(x * (-5)) = (-3)|((x * (-5)) / (-5)) = ((-3) / (-5))|(x * ((-5) / (-5))) = ((-3) / (-5))|(x * 1) = ((-3) / (-5))|x = ((-3) / (-5))|x = [3/5]",35
83,193,"(-1x + 2) = (-3x - 4)
","(-1x + 2) = (-3x - 4)
|((-1x + 2) - 2) = ((-3x - 4) - 2)|(((-1x + 2) - 2) - -3x) = (((-3x - 4) - 2) - -3x)|((-1x + (2 - 2)) - -3x) = (((-3x - 4) - 2) - -3x)|((-1x + 0) - -3x) = (((-3x - 4) - 2) - -3x)|((-1x + 0) - -3x) = (((-3x - 4) - -3x) - 2)|((-1x + 0) - -3x) = (((-3x - -3x) - 4) - 2)|((-1x + 0) - -3x) = ((0 - 4) - 2)|(-1x - -3x) = ((0 - 4) - 2)|(((-1) - (-3)) * x) = ((0 - 4) - 2)|2x = ((0 - 4) - 2)|2x = ((-4) - 2)|(2x / 2) = (((-4) - 2) / 2)|((x * 2) / 2) = (((-4) - 2) / 2)|(x * (2 / 2)) = (((-4) - 2) / 2)|(x * 1) = (((-4) - 2) / 2)|x = (((-4) - 2) / 2)|x = ((-6) / 2)|x = (-3)",35
84,166,"-1x = ((2 + -3x) - 4)
","-1x = ((2 + -3x) - 4)
|(-1x - -3x) = (((2 + -3x) - 4) - -3x)|(((-1) - (-3)) * x) = (((2 + -3x) - 4) - -3x)|(((-1) - (-3)) * x) = (((2 + -3x) - -3x) - 4)|2x = (((2 + -3x) - -3x) - 4)|2x = ((2 + (-3x - -3x)) - 4)|(x * 2) = ((2 + (-3x - -3x)) - 4)|((x * 2) / 2) = (((2 + (-3x - -3x)) - 4) / 2)|((x * 2) / 2) = (((2 + 0) - 4) / 2)|((x * 2) / 2) = ((2 - 4) / 2)|(x * (2 / 2)) = ((2 - 4) / 2)|(x * 1) = ((2 - 4) / 2)|x = ((2 - 4) / 2)|x = ((-2) / 2)|x = (-1)",28
85,58,"1 = ((-2) + (3 / x))
","1 = ((-2) + (3 / x))
|1 = ((3 / x) + (-2))|(1 - (-2)) = (((3 / x) + (-2)) - (-2))|3 = (((3 / x) + (-2)) - (-2))|(3 / 3) = ((((3 / x) + (-2)) - (-2)) / 3)|((3 / 3) * x) = (((((3 / x) + (-2)) - (-2)) / 3) * x)|1x = (((((3 / x) + (-2)) - (-2)) / 3) * x)|x = (((((3 / x) + (-2)) - (-2)) / 3) * x)|x = ((((3 / x) + ((-2) - (-2))) / 3) * x)|x = ((((3 / x) + 0) / 3) * x)|x = (x * (((3 / x) + 0) / 3))|x = (x * ((3 / x) / 3))|x = ((x * (3 / x)) / 3)|x = (((x * 3) / x) / 3)|x = ((3x / x) / 3)|x = ((3 * (x / x)) / 3)|x = ((3 * 1) / 3)|x = (3 / 3)|x = 1",40
