,output,equation_number,rec_soln
0,HIT te2 w/ (lambda (#(lambda (mathDomain_simplify (mathDomain_dist $0 mathDomain_1) mathDomain_0)) (#(lambda (#(lambda (mathDomain_simplify (mathDomain_swap $0 mathDomain_0) mathDomain_0)) (mathDomain_rrotate (mathDomain_swap $0 mathDomain_3) mathDomain_2))) (#(lambda (mathDomain_simplify (mathDomain_rrotate (mathDomain_sub (mathDomain_simplify $0 mathDomain_0) mathDomain_3) mathDomain_1) mathDomain_0)) (#(lambda (mathDomain_simplify (mathDomain_swap $0 mathDomain_0) mathDomain_0)) (#(lambda (#(lambda (mathDomain_simplify (mathDomain_swap $0 mathDomain_0) mathDomain_0)) (mathDomain_rrotate (mathDomain_swap $0 mathDomain_3) mathDomain_2))) (#(lambda (mathDomain_simplify (mathDomain_rrotate (mathDomain_sub (mathDomain_simplify $0 mathDomain_0) mathDomain_3) mathDomain_1) mathDomain_0)) $0))))))) ; log prior = -12.946103 ; log likelihood = 0.000000,2,(lambda (#(lambda (_simplify (_dist $0 1) 0)) (#(lambda (#(lambda (_simplify (_swap $0 0) 0)) (_rrotate (_swap $0 3) 2))) (#(lambda (_simplify (_rrotate (_sub (_simplify $0 0) 3) 1) 0)) (#(lambda (_simplify (_swap $0 0) 0)) (#(lambda (#(lambda (_simplify (_swap $0 0) 0)) (_rrotate (_swap $0 3) 2))) (#(lambda (_simplify (_rrotate (_sub (_simplify $0 0) 3) 1) 0)) $0)))))))
1,HIT te19 w/ (lambda (#(lambda (#(lambda (mathDomain_simplify (mathDomain_swap $0 mathDomain_0) mathDomain_0)) (mathDomain_rrotate (mathDomain_swap $0 mathDomain_3) mathDomain_2))) (mathDomain_swap (#(lambda (mathDomain_simplify (mathDomain_rrotate (mathDomain_sub (mathDomain_simplify $0 mathDomain_0) mathDomain_3) mathDomain_1) mathDomain_0)) (#(lambda (#(lambda (mathDomain_simplify (mathDomain_swap $0 mathDomain_0) mathDomain_0)) (mathDomain_rrotate (mathDomain_swap $0 mathDomain_3) mathDomain_2))) (#(lambda (mathDomain_simplify (mathDomain_rrotate (mathDomain_sub (mathDomain_simplify $0 mathDomain_0) mathDomain_3) mathDomain_1) mathDomain_0)) (#(lambda (#(lambda (mathDomain_simplify (mathDomain_swap $0 mathDomain_0) mathDomain_0)) (mathDomain_rrotate (mathDomain_swap $0 mathDomain_3) mathDomain_2))) $0)))) mathDomain_2))) ; log prior = -13.870956 ; log likelihood = 0.000000,19,(lambda (#(lambda (#(lambda (_simplify (_swap $0 0) 0)) (_rrotate (_swap $0 3) 2))) (_swap (#(lambda (_simplify (_rrotate (_sub (_simplify $0 0) 3) 1) 0)) (#(lambda (#(lambda (_simplify (_swap $0 0) 0)) (_rrotate (_swap $0 3) 2))) (#(lambda (_simplify (_rrotate (_sub (_simplify $0 0) 3) 1) 0)) (#(lambda (#(lambda (_simplify (_swap $0 0) 0)) (_rrotate (_swap $0 3) 2))) $0)))) 2)))
2,HIT te21 w/ (lambda (mathDomain_swap $0 mathDomain_0)) ; log prior = -3.047414 ; log likelihood = 0.000000,21,(lambda (_swap $0 0))
3,HIT te28 w/ (lambda (#(lambda (mathDomain_simplify (mathDomain_dist $0 mathDomain_1) mathDomain_0)) $0)) ; log prior = -2.674506 ; log likelihood = 0.000000,28,(lambda (#(lambda (_simplify (_dist $0 1) 0)) $0))
4,HIT te33 w/ (lambda (#(lambda (#(lambda (mathDomain_simplify (mathDomain_swap $0 mathDomain_0) mathDomain_0)) (mathDomain_rrotate (mathDomain_swap $0 mathDomain_3) mathDomain_2))) (#(lambda (#(lambda (mathDomain_simplify (mathDomain_swap $0 mathDomain_0) mathDomain_0)) (mathDomain_rrotate (mathDomain_swap $0 mathDomain_3) mathDomain_2))) (mathDomain_div (#(lambda (#(lambda (mathDomain_simplify (mathDomain_swap $0 mathDomain_0) mathDomain_0)) (mathDomain_rrotate (mathDomain_swap $0 mathDomain_3) mathDomain_2))) (#(lambda (mathDomain_simplify (mathDomain_rrotate (mathDomain_sub (mathDomain_simplify $0 mathDomain_0) mathDomain_3) mathDomain_1) mathDomain_0)) $0)) mathDomain_2)))) ; log prior = -16.206091 ; log likelihood = 0.000000,33,(lambda (#(lambda (#(lambda (_simplify (_swap $0 0) 0)) (_rrotate (_swap $0 3) 2))) (#(lambda (#(lambda (_simplify (_swap $0 0) 0)) (_rrotate (_swap $0 3) 2))) (_div (#(lambda (#(lambda (_simplify (_swap $0 0) 0)) (_rrotate (_swap $0 3) 2))) (#(lambda (_simplify (_rrotate (_sub (_simplify $0 0) 3) 1) 0)) $0)) 2))))
5,HIT te37 w/ (lambda (#(lambda (#(lambda (mathDomain_simplify (mathDomain_swap $0 mathDomain_0) mathDomain_0)) (mathDomain_rrotate (mathDomain_swap $0 mathDomain_3) mathDomain_2))) (#(lambda (mathDomain_simplify (mathDomain_rrotate (mathDomain_sub (mathDomain_simplify $0 mathDomain_0) mathDomain_3) mathDomain_1) mathDomain_0)) (#(lambda (#(lambda (mathDomain_simplify (mathDomain_swap $0 mathDomain_0) mathDomain_0)) (mathDomain_rrotate (mathDomain_swap $0 mathDomain_3) mathDomain_2))) (#(lambda (#(lambda (mathDomain_simplify (mathDomain_swap $0 mathDomain_0) mathDomain_0)) (mathDomain_rrotate (mathDomain_swap $0 mathDomain_3) mathDomain_2))) (mathDomain_swap $0 mathDomain_0)))))) ; log prior = -11.977258 ; log likelihood = 0.000000,37,(lambda (#(lambda (#(lambda (_simplify (_swap $0 0) 0)) (_rrotate (_swap $0 3) 2))) (#(lambda (_simplify (_rrotate (_sub (_simplify $0 0) 3) 1) 0)) (#(lambda (#(lambda (_simplify (_swap $0 0) 0)) (_rrotate (_swap $0 3) 2))) (#(lambda (#(lambda (_simplify (_swap $0 0) 0)) (_rrotate (_swap $0 3) 2))) (_swap $0 0))))))
6,HIT te39 w/ (lambda (#(lambda (#(lambda (mathDomain_simplify (mathDomain_swap $0 mathDomain_0) mathDomain_0)) (mathDomain_rrotate (mathDomain_swap $0 mathDomain_3) mathDomain_2))) (#(lambda (mathDomain_simplify (mathDomain_swap $0 mathDomain_0) mathDomain_0)) (#(lambda (mathDomain_simplify (mathDomain_rrotate (mathDomain_sub (mathDomain_simplify $0 mathDomain_0) mathDomain_3) mathDomain_1) mathDomain_0)) (#(lambda (mathDomain_simplify (mathDomain_rrotate (mathDomain_sub (mathDomain_simplify $0 mathDomain_0) mathDomain_3) mathDomain_1) mathDomain_0)) (mathDomain_rrotate $0 mathDomain_2)))))) ; log prior = -15.623298 ; log likelihood = 0.000000,39,(lambda (#(lambda (#(lambda (_simplify (_swap $0 0) 0)) (_rrotate (_swap $0 3) 2))) (#(lambda (_simplify (_swap $0 0) 0)) (#(lambda (_simplify (_rrotate (_sub (_simplify $0 0) 3) 1) 0)) (#(lambda (_simplify (_rrotate (_sub (_simplify $0 0) 3) 1) 0)) (_rrotate $0 2))))))
7,HIT te40 w/ (lambda (#(lambda (#(lambda (mathDomain_simplify (mathDomain_swap $0 mathDomain_0) mathDomain_0)) (mathDomain_rrotate (mathDomain_swap $0 mathDomain_3) mathDomain_2))) (#(lambda (mathDomain_simplify (mathDomain_rrotate (mathDomain_sub (mathDomain_simplify $0 mathDomain_0) mathDomain_3) mathDomain_1) mathDomain_0)) (#(lambda (mathDomain_simplify (mathDomain_rrotate (mathDomain_sub (mathDomain_simplify $0 mathDomain_0) mathDomain_3) mathDomain_1) mathDomain_0)) (mathDomain_swap (#(lambda (#(lambda (mathDomain_simplify (mathDomain_swap $0 mathDomain_0) mathDomain_0)) (mathDomain_rrotate (mathDomain_swap $0 mathDomain_3) mathDomain_2))) $0) mathDomain_1))))) ; log prior = -15.479910 ; log likelihood = 0.000000,40,(lambda (#(lambda (#(lambda (_simplify (_swap $0 0) 0)) (_rrotate (_swap $0 3) 2))) (#(lambda (_simplify (_rrotate (_sub (_simplify $0 0) 3) 1) 0)) (#(lambda (_simplify (_rrotate (_sub (_simplify $0 0) 3) 1) 0)) (_swap (#(lambda (#(lambda (_simplify (_swap $0 0) 0)) (_rrotate (_swap $0 3) 2))) $0) 1)))))
8,HIT te41 w/ (lambda (#(lambda (mathDomain_simplify (mathDomain_dist $0 mathDomain_1) mathDomain_0)) (#(lambda (#(lambda (mathDomain_simplify (mathDomain_swap $0 mathDomain_0) mathDomain_0)) (mathDomain_rrotate (mathDomain_swap $0 mathDomain_3) mathDomain_2))) (#(lambda (mathDomain_simplify (mathDomain_rrotate (mathDomain_sub (mathDomain_simplify $0 mathDomain_0) mathDomain_3) mathDomain_1) mathDomain_0)) (#(lambda (mathDomain_simplify (mathDomain_swap $0 mathDomain_0) mathDomain_0)) (#(lambda (#(lambda (mathDomain_simplify (mathDomain_swap $0 mathDomain_0) mathDomain_0)) (mathDomain_rrotate (mathDomain_swap $0 mathDomain_3) mathDomain_2))) (#(lambda (mathDomain_simplify (mathDomain_rrotate (mathDomain_sub (mathDomain_simplify $0 mathDomain_0) mathDomain_3) mathDomain_1) mathDomain_0)) $0))))))) ; log prior = -15.342047 ; log likelihood = 0.000000,41,(lambda (#(lambda (_simplify (_dist $0 1) 0)) (#(lambda (#(lambda (_simplify (_swap $0 0) 0)) (_rrotate (_swap $0 3) 2))) (#(lambda (_simplify (_rrotate (_sub (_simplify $0 0) 3) 1) 0)) (#(lambda (_simplify (_swap $0 0) 0)) (#(lambda (#(lambda (_simplify (_swap $0 0) 0)) (_rrotate (_swap $0 3) 2))) (#(lambda (_simplify (_rrotate (_sub (_simplify $0 0) 3) 1) 0)) $0)))))))
9,HIT te43 w/ (lambda (#(lambda (#(lambda (mathDomain_simplify (mathDomain_swap $0 mathDomain_0) mathDomain_0)) (mathDomain_rrotate (mathDomain_swap $0 mathDomain_3) mathDomain_2))) (#(lambda (#(lambda (mathDomain_simplify (mathDomain_swap $0 mathDomain_0) mathDomain_0)) (mathDomain_rrotate (mathDomain_swap $0 mathDomain_3) mathDomain_2))) (#(lambda (mathDomain_simplify (mathDomain_rrotate (mathDomain_sub (mathDomain_simplify $0 mathDomain_0) mathDomain_3) mathDomain_1) mathDomain_0)) (#(lambda (mathDomain_simplify (mathDomain_rrotate (mathDomain_sub (mathDomain_simplify $0 mathDomain_0) mathDomain_3) mathDomain_1) mathDomain_0)) (mathDomain_swap $0 mathDomain_1)))))) ; log prior = -13.345533 ; log likelihood = 0.000000,43,(lambda (#(lambda (#(lambda (_simplify (_swap $0 0) 0)) (_rrotate (_swap $0 3) 2))) (#(lambda (#(lambda (_simplify (_swap $0 0) 0)) (_rrotate (_swap $0 3) 2))) (#(lambda (_simplify (_rrotate (_sub (_simplify $0 0) 3) 1) 0)) (#(lambda (_simplify (_rrotate (_sub (_simplify $0 0) 3) 1) 0)) (_swap $0 1))))))
10,HIT te45 w/ (lambda (#(lambda (#(lambda (mathDomain_simplify (mathDomain_swap $0 mathDomain_0) mathDomain_0)) (mathDomain_rrotate (mathDomain_swap $0 mathDomain_3) mathDomain_2))) (#(lambda (#(lambda (mathDomain_simplify (mathDomain_swap $0 mathDomain_0) mathDomain_0)) (mathDomain_rrotate (mathDomain_swap $0 mathDomain_3) mathDomain_2))) (mathDomain_div (#(lambda (mathDomain_simplify (mathDomain_dist $0 mathDomain_1) mathDomain_0)) $0) mathDomain_2)))) ; log prior = -12.507528 ; log likelihood = 0.000000,45,(lambda (#(lambda (#(lambda (_simplify (_swap $0 0) 0)) (_rrotate (_swap $0 3) 2))) (#(lambda (#(lambda (_simplify (_swap $0 0) 0)) (_rrotate (_swap $0 3) 2))) (_div (#(lambda (_simplify (_dist $0 1) 0)) $0) 2))))
11,HIT te49 w/ (lambda (#(lambda (mathDomain_simplify (mathDomain_dist $0 mathDomain_1) mathDomain_0)) $0)) ; log prior = -3.194535 ; log likelihood = 0.000000,49,(lambda (#(lambda (_simplify (_dist $0 1) 0)) $0))
12,HIT te50 w/ (lambda (#(lambda (mathDomain_simplify (mathDomain_dist $0 mathDomain_1) mathDomain_0)) $0)) ; log prior = -2.888959 ; log likelihood = 0.000000,50,(lambda (#(lambda (_simplify (_dist $0 1) 0)) $0))
13,HIT te55 w/ (lambda (#(lambda (#(lambda (mathDomain_simplify (mathDomain_swap $0 mathDomain_0) mathDomain_0)) (mathDomain_rrotate (mathDomain_swap $0 mathDomain_3) mathDomain_2))) (#(lambda (mathDomain_simplify (mathDomain_rrotate (mathDomain_sub (mathDomain_simplify $0 mathDomain_0) mathDomain_3) mathDomain_1) mathDomain_0)) (#(lambda (mathDomain_simplify (mathDomain_rrotate (mathDomain_sub (mathDomain_simplify $0 mathDomain_0) mathDomain_3) mathDomain_1) mathDomain_0)) $0)))) ; log prior = -5.828222 ; log likelihood = 0.000000,55,(lambda (#(lambda (#(lambda (_simplify (_swap $0 0) 0)) (_rrotate (_swap $0 3) 2))) (#(lambda (_simplify (_rrotate (_sub (_simplify $0 0) 3) 1) 0)) (#(lambda (_simplify (_rrotate (_sub (_simplify $0 0) 3) 1) 0)) $0))))
14,HIT te58 w/ (lambda (#(lambda (#(lambda (mathDomain_simplify (mathDomain_swap $0 mathDomain_0) mathDomain_0)) (mathDomain_rrotate (mathDomain_swap $0 mathDomain_3) mathDomain_2))) (mathDomain_swap $0 mathDomain_2))) ; log prior = -4.859213 ; log likelihood = 0.000000,58,(lambda (#(lambda (#(lambda (_simplify (_swap $0 0) 0)) (_rrotate (_swap $0 3) 2))) (_swap $0 2)))
15,HIT te65 w/ (lambda (mathDomain_swap (mathDomain_simplify $0 mathDomain_2) mathDomain_0)) ; log prior = -8.057470 ; log likelihood = 0.000000,65,(lambda (_swap (_simplify $0 2) 0))
16,HIT te66 w/ (lambda (#(lambda (#(lambda (mathDomain_simplify (mathDomain_swap $0 mathDomain_0) mathDomain_0)) (mathDomain_rrotate (mathDomain_swap $0 mathDomain_3) mathDomain_2))) (#(lambda (#(lambda (mathDomain_simplify (mathDomain_swap $0 mathDomain_0) mathDomain_0)) (mathDomain_rrotate (mathDomain_swap $0 mathDomain_3) mathDomain_2))) (mathDomain_div (#(lambda (#(lambda (mathDomain_simplify (mathDomain_swap $0 mathDomain_0) mathDomain_0)) (mathDomain_rrotate (mathDomain_swap $0 mathDomain_3) mathDomain_2))) (#(lambda (mathDomain_simplify (mathDomain_rrotate (mathDomain_sub (mathDomain_simplify $0 mathDomain_0) mathDomain_3) mathDomain_1) mathDomain_0)) $0)) mathDomain_2)))) ; log prior = -14.104924 ; log likelihood = 0.000000,66,(lambda (#(lambda (#(lambda (_simplify (_swap $0 0) 0)) (_rrotate (_swap $0 3) 2))) (#(lambda (#(lambda (_simplify (_swap $0 0) 0)) (_rrotate (_swap $0 3) 2))) (_div (#(lambda (#(lambda (_simplify (_swap $0 0) 0)) (_rrotate (_swap $0 3) 2))) (#(lambda (_simplify (_rrotate (_sub (_simplify $0 0) 3) 1) 0)) $0)) 2))))
17,HIT te67 w/ (lambda (#(lambda (mathDomain_simplify (mathDomain_dist $0 mathDomain_1) mathDomain_0)) (mathDomain_sub $0 mathDomain_4))) ; log prior = -7.568448 ; log likelihood = 0.000000,67,(lambda (#(lambda (_simplify (_dist $0 1) 0)) (_sub $0 4)))
18,HIT te69 w/ (lambda (#(lambda (#(lambda (mathDomain_simplify (mathDomain_swap $0 mathDomain_0) mathDomain_0)) (mathDomain_rrotate (mathDomain_swap $0 mathDomain_3) mathDomain_2))) (#(lambda (mathDomain_simplify (mathDomain_rrotate (mathDomain_sub (mathDomain_simplify $0 mathDomain_0) mathDomain_3) mathDomain_1) mathDomain_0)) (#(lambda (mathDomain_simplify (mathDomain_rrotate (mathDomain_sub (mathDomain_simplify $0 mathDomain_0) mathDomain_3) mathDomain_1) mathDomain_0)) (#(lambda (mathDomain_simplify (mathDomain_rrotate (mathDomain_sub (mathDomain_simplify $0 mathDomain_0) mathDomain_3) mathDomain_1) mathDomain_0)) (#(lambda (mathDomain_simplify (mathDomain_rrotate (mathDomain_sub (mathDomain_simplify $0 mathDomain_0) mathDomain_3) mathDomain_1) mathDomain_0)) $0)))))) ; log prior = -8.441089 ; log likelihood = 0.000000,69,(lambda (#(lambda (#(lambda (_simplify (_swap $0 0) 0)) (_rrotate (_swap $0 3) 2))) (#(lambda (_simplify (_rrotate (_sub (_simplify $0 0) 3) 1) 0)) (#(lambda (_simplify (_rrotate (_sub (_simplify $0 0) 3) 1) 0)) (#(lambda (_simplify (_rrotate (_sub (_simplify $0 0) 3) 1) 0)) (#(lambda (_simplify (_rrotate (_sub (_simplify $0 0) 3) 1) 0)) $0))))))
19,HIT te71 w/ (lambda (#(lambda (#(lambda (mathDomain_simplify (mathDomain_swap $0 mathDomain_0) mathDomain_0)) (mathDomain_rrotate (mathDomain_swap $0 mathDomain_3) mathDomain_2))) (#(lambda (mathDomain_simplify (mathDomain_rrotate (mathDomain_sub (mathDomain_simplify $0 mathDomain_0) mathDomain_3) mathDomain_1) mathDomain_0)) (#(lambda (mathDomain_simplify (mathDomain_rrotate (mathDomain_sub (mathDomain_simplify $0 mathDomain_0) mathDomain_3) mathDomain_1) mathDomain_0)) (#(lambda (#(lambda (mathDomain_simplify (mathDomain_swap $0 mathDomain_0) mathDomain_0)) (mathDomain_rrotate (mathDomain_swap $0 mathDomain_3) mathDomain_2))) (#(lambda (mathDomain_simplify (mathDomain_rrotate (mathDomain_sub (mathDomain_simplify $0 mathDomain_0) mathDomain_3) mathDomain_1) mathDomain_0)) (mathDomain_swap (#(lambda (#(lambda (mathDomain_simplify (mathDomain_swap $0 mathDomain_0) mathDomain_0)) (mathDomain_rrotate (mathDomain_swap $0 mathDomain_3) mathDomain_2))) $0) mathDomain_2))))))) ; log prior = -15.814499 ; log likelihood = 0.000000,71,(lambda (#(lambda (#(lambda (_simplify (_swap $0 0) 0)) (_rrotate (_swap $0 3) 2))) (#(lambda (_simplify (_rrotate (_sub (_simplify $0 0) 3) 1) 0)) (#(lambda (_simplify (_rrotate (_sub (_simplify $0 0) 3) 1) 0)) (#(lambda (#(lambda (_simplify (_swap $0 0) 0)) (_rrotate (_swap $0 3) 2))) (#(lambda (_simplify (_rrotate (_sub (_simplify $0 0) 3) 1) 0)) (_swap (#(lambda (#(lambda (_simplify (_swap $0 0) 0)) (_rrotate (_swap $0 3) 2))) $0) 2)))))))
20,HIT te75 w/ (lambda (#(lambda (mathDomain_simplify (mathDomain_dist $0 mathDomain_1) mathDomain_0)) (#(lambda (#(lambda (mathDomain_simplify (mathDomain_swap $0 mathDomain_0) mathDomain_0)) (mathDomain_rrotate (mathDomain_swap $0 mathDomain_3) mathDomain_2))) (#(lambda (mathDomain_simplify (mathDomain_rrotate (mathDomain_sub (mathDomain_simplify $0 mathDomain_0) mathDomain_3) mathDomain_1) mathDomain_0)) (#(lambda (#(lambda (mathDomain_simplify (mathDomain_swap $0 mathDomain_0) mathDomain_0)) (mathDomain_rrotate (mathDomain_swap $0 mathDomain_3) mathDomain_2))) (#(lambda (#(lambda (mathDomain_simplify (mathDomain_swap $0 mathDomain_0) mathDomain_0)) (mathDomain_rrotate (mathDomain_swap $0 mathDomain_3) mathDomain_2))) (#(lambda (mathDomain_simplify (mathDomain_rrotate (mathDomain_sub (mathDomain_simplify $0 mathDomain_0) mathDomain_3) mathDomain_1) mathDomain_0)) (#(lambda (#(lambda (mathDomain_simplify (mathDomain_swap $0 mathDomain_0) mathDomain_0)) (mathDomain_rrotate (mathDomain_swap $0 mathDomain_3) mathDomain_2))) (#(lambda (mathDomain_simplify (mathDomain_rrotate (mathDomain_sub (mathDomain_simplify $0 mathDomain_0) mathDomain_3) mathDomain_1) mathDomain_0)) $0))))))))) ; log prior = -15.254864 ; log likelihood = 0.000000,75,(lambda (#(lambda (_simplify (_dist $0 1) 0)) (#(lambda (#(lambda (_simplify (_swap $0 0) 0)) (_rrotate (_swap $0 3) 2))) (#(lambda (_simplify (_rrotate (_sub (_simplify $0 0) 3) 1) 0)) (#(lambda (#(lambda (_simplify (_swap $0 0) 0)) (_rrotate (_swap $0 3) 2))) (#(lambda (#(lambda (_simplify (_swap $0 0) 0)) (_rrotate (_swap $0 3) 2))) (#(lambda (_simplify (_rrotate (_sub (_simplify $0 0) 3) 1) 0)) (#(lambda (#(lambda (_simplify (_swap $0 0) 0)) (_rrotate (_swap $0 3) 2))) (#(lambda (_simplify (_rrotate (_sub (_simplify $0 0) 3) 1) 0)) $0)))))))))
21,HIT te76 w/ (lambda (#(lambda (#(lambda (mathDomain_simplify (mathDomain_swap $0 mathDomain_0) mathDomain_0)) (mathDomain_rrotate (mathDomain_swap $0 mathDomain_3) mathDomain_2))) (#(lambda (#(lambda (mathDomain_simplify (mathDomain_swap $0 mathDomain_0) mathDomain_0)) (mathDomain_rrotate (mathDomain_swap $0 mathDomain_3) mathDomain_2))) (mathDomain_div (#(lambda (#(lambda (mathDomain_simplify (mathDomain_swap $0 mathDomain_0) mathDomain_0)) (mathDomain_rrotate (mathDomain_swap $0 mathDomain_3) mathDomain_2))) (#(lambda (mathDomain_simplify (mathDomain_rrotate (mathDomain_sub (mathDomain_simplify $0 mathDomain_0) mathDomain_3) mathDomain_1) mathDomain_0)) (#(lambda (mathDomain_simplify (mathDomain_rrotate (mathDomain_sub (mathDomain_simplify $0 mathDomain_0) mathDomain_3) mathDomain_1) mathDomain_0)) $0))) mathDomain_2)))) ; log prior = -15.723945 ; log likelihood = 0.000000,76,(lambda (#(lambda (#(lambda (_simplify (_swap $0 0) 0)) (_rrotate (_swap $0 3) 2))) (#(lambda (#(lambda (_simplify (_swap $0 0) 0)) (_rrotate (_swap $0 3) 2))) (_div (#(lambda (#(lambda (_simplify (_swap $0 0) 0)) (_rrotate (_swap $0 3) 2))) (#(lambda (_simplify (_rrotate (_sub (_simplify $0 0) 3) 1) 0)) (#(lambda (_simplify (_rrotate (_sub (_simplify $0 0) 3) 1) 0)) $0))) 2))))
22,HIT te79 w/ (lambda (#(lambda (#(lambda (mathDomain_simplify (mathDomain_swap $0 mathDomain_0) mathDomain_0)) (mathDomain_rrotate (mathDomain_swap $0 mathDomain_3) mathDomain_2))) (#(lambda (#(lambda (mathDomain_simplify (mathDomain_swap $0 mathDomain_0) mathDomain_0)) (mathDomain_rrotate (mathDomain_swap $0 mathDomain_3) mathDomain_2))) (mathDomain_div (#(lambda (mathDomain_simplify (mathDomain_rrotate (mathDomain_sub (mathDomain_simplify $0 mathDomain_0) mathDomain_3) mathDomain_1) mathDomain_0)) (#(lambda (mathDomain_simplify (mathDomain_rrotate (mathDomain_sub (mathDomain_simplify $0 mathDomain_0) mathDomain_3) mathDomain_1) mathDomain_0)) $0)) mathDomain_2)))) ; log prior = -15.325818 ; log likelihood = 0.000000,79,(lambda (#(lambda (#(lambda (_simplify (_swap $0 0) 0)) (_rrotate (_swap $0 3) 2))) (#(lambda (#(lambda (_simplify (_swap $0 0) 0)) (_rrotate (_swap $0 3) 2))) (_div (#(lambda (_simplify (_rrotate (_sub (_simplify $0 0) 3) 1) 0)) (#(lambda (_simplify (_rrotate (_sub (_simplify $0 0) 3) 1) 0)) $0)) 2))))
23,HIT te82 w/ (lambda (#(lambda (mathDomain_simplify (mathDomain_swap $0 mathDomain_0) mathDomain_0)) $0)) ; log prior = -3.433285 ; log likelihood = 0.000000,82,(lambda (#(lambda (_simplify (_swap $0 0) 0)) $0))
24,HIT te85 w/ (lambda (#(lambda (mathDomain_simplify (mathDomain_dist $0 mathDomain_1) mathDomain_0)) $0)) ; log prior = -2.570065 ; log likelihood = 0.000000,85,(lambda (#(lambda (_simplify (_dist $0 1) 0)) $0))
25,HIT te87 w/ (lambda (#(lambda (mathDomain_simplify (mathDomain_dist $0 mathDomain_1) mathDomain_0)) (mathDomain_rrotate $0 mathDomain_4))) ; log prior = -7.533851 ; log likelihood = 0.000000,87,(lambda (#(lambda (_simplify (_dist $0 1) 0)) (_rrotate $0 4)))
26,HIT te93 w/ (lambda (#(lambda (#(lambda (mathDomain_simplify (mathDomain_swap $0 mathDomain_0) mathDomain_0)) (mathDomain_rrotate (mathDomain_swap $0 mathDomain_3) mathDomain_2))) (#(lambda (#(lambda (mathDomain_simplify (mathDomain_swap $0 mathDomain_0) mathDomain_0)) (mathDomain_rrotate (mathDomain_swap $0 mathDomain_3) mathDomain_2))) (mathDomain_div (#(lambda (mathDomain_simplify (mathDomain_dist $0 mathDomain_1) mathDomain_0)) $0) mathDomain_2)))) ; log prior = -13.303399 ; log likelihood = 0.000000,93,(lambda (#(lambda (#(lambda (_simplify (_swap $0 0) 0)) (_rrotate (_swap $0 3) 2))) (#(lambda (#(lambda (_simplify (_swap $0 0) 0)) (_rrotate (_swap $0 3) 2))) (_div (#(lambda (_simplify (_dist $0 1) 0)) $0) 2))))
27,HIT te94 w/ (lambda (#(lambda (#(lambda (mathDomain_simplify (mathDomain_swap $0 mathDomain_0) mathDomain_0)) (mathDomain_rrotate (mathDomain_swap $0 mathDomain_3) mathDomain_2))) (#(lambda (mathDomain_simplify (mathDomain_rrotate (mathDomain_sub (mathDomain_simplify $0 mathDomain_0) mathDomain_3) mathDomain_1) mathDomain_0)) (#(lambda (mathDomain_simplify (mathDomain_rrotate (mathDomain_sub (mathDomain_simplify $0 mathDomain_0) mathDomain_3) mathDomain_1) mathDomain_0)) (#(lambda (#(lambda (mathDomain_simplify (mathDomain_swap $0 mathDomain_0) mathDomain_0)) (mathDomain_rrotate (mathDomain_swap $0 mathDomain_3) mathDomain_2))) (#(lambda (mathDomain_simplify (mathDomain_rrotate (mathDomain_sub (mathDomain_simplify $0 mathDomain_0) mathDomain_3) mathDomain_1) mathDomain_0)) (mathDomain_swap (#(lambda (#(lambda (mathDomain_simplify (mathDomain_swap $0 mathDomain_0) mathDomain_0)) (mathDomain_rrotate (mathDomain_swap $0 mathDomain_3) mathDomain_2))) $0) mathDomain_2))))))) ; log prior = -16.092195 ; log likelihood = 0.000000,94,(lambda (#(lambda (#(lambda (_simplify (_swap $0 0) 0)) (_rrotate (_swap $0 3) 2))) (#(lambda (_simplify (_rrotate (_sub (_simplify $0 0) 3) 1) 0)) (#(lambda (_simplify (_rrotate (_sub (_simplify $0 0) 3) 1) 0)) (#(lambda (#(lambda (_simplify (_swap $0 0) 0)) (_rrotate (_swap $0 3) 2))) (#(lambda (_simplify (_rrotate (_sub (_simplify $0 0) 3) 1) 0)) (_swap (#(lambda (#(lambda (_simplify (_swap $0 0) 0)) (_rrotate (_swap $0 3) 2))) $0) 2)))))))
28,HIT te98 w/ (lambda (#(lambda (#(lambda (mathDomain_simplify (mathDomain_swap $0 mathDomain_0) mathDomain_0)) (mathDomain_rrotate (mathDomain_swap $0 mathDomain_3) mathDomain_2))) (#(lambda (mathDomain_simplify (mathDomain_rrotate (mathDomain_sub (mathDomain_simplify $0 mathDomain_0) mathDomain_3) mathDomain_1) mathDomain_0)) (#(lambda (mathDomain_simplify (mathDomain_rrotate (mathDomain_sub (mathDomain_simplify $0 mathDomain_0) mathDomain_3) mathDomain_1) mathDomain_0)) $0)))) ; log prior = -5.229594 ; log likelihood = 0.000000,98,(lambda (#(lambda (#(lambda (_simplify (_swap $0 0) 0)) (_rrotate (_swap $0 3) 2))) (#(lambda (_simplify (_rrotate (_sub (_simplify $0 0) 3) 1) 0)) (#(lambda (_simplify (_rrotate (_sub (_simplify $0 0) 3) 1) 0)) $0))))
29,HIT te99 w/ (lambda (#(lambda (mathDomain_simplify (mathDomain_rrotate (mathDomain_sub (mathDomain_simplify $0 mathDomain_0) mathDomain_3) mathDomain_1) mathDomain_0)) (#(lambda (#(lambda (mathDomain_simplify (mathDomain_swap $0 mathDomain_0) mathDomain_0)) (mathDomain_rrotate (mathDomain_swap $0 mathDomain_3) mathDomain_2))) (#(lambda (#(lambda (mathDomain_simplify (mathDomain_swap $0 mathDomain_0) mathDomain_0)) (mathDomain_rrotate (mathDomain_swap $0 mathDomain_3) mathDomain_2))) (mathDomain_swap (#(lambda (mathDomain_simplify (mathDomain_swap $0 mathDomain_0) mathDomain_0)) (#(lambda (mathDomain_simplify (mathDomain_rrotate (mathDomain_sub (mathDomain_simplify $0 mathDomain_0) mathDomain_3) mathDomain_1) mathDomain_0)) $0)) mathDomain_2))))) ; log prior = -13.532376 ; log likelihood = 0.000000,99,(lambda (#(lambda (_simplify (_rrotate (_sub (_simplify $0 0) 3) 1) 0)) (#(lambda (#(lambda (_simplify (_swap $0 0) 0)) (_rrotate (_swap $0 3) 2))) (#(lambda (#(lambda (_simplify (_swap $0 0) 0)) (_rrotate (_swap $0 3) 2))) (_swap (#(lambda (_simplify (_swap $0 0) 0)) (#(lambda (_simplify (_rrotate (_sub (_simplify $0 0) 3) 1) 0)) $0)) 2)))))
30,HIT te100 w/ (lambda (#(lambda (mathDomain_simplify (mathDomain_dist $0 mathDomain_1) mathDomain_0)) $0)) ; log prior = -2.558384 ; log likelihood = 0.000000,100,(lambda (#(lambda (_simplify (_dist $0 1) 0)) $0))
31,HIT te103 w/ (lambda (#(lambda (#(lambda (mathDomain_simplify (mathDomain_swap $0 mathDomain_0) mathDomain_0)) (mathDomain_rrotate (mathDomain_swap $0 mathDomain_3) mathDomain_2))) (#(lambda (mathDomain_simplify (mathDomain_rrotate (mathDomain_sub (mathDomain_simplify $0 mathDomain_0) mathDomain_3) mathDomain_1) mathDomain_0)) (#(lambda (mathDomain_simplify (mathDomain_rrotate (mathDomain_sub (mathDomain_simplify $0 mathDomain_0) mathDomain_3) mathDomain_1) mathDomain_0)) (#(lambda (mathDomain_simplify (mathDomain_dist $0 mathDomain_1) mathDomain_0)) (#(lambda (#(lambda (mathDomain_simplify (mathDomain_swap $0 mathDomain_0) mathDomain_0)) (mathDomain_rrotate (mathDomain_swap $0 mathDomain_3) mathDomain_2))) $0)))))) ; log prior = -10.285970 ; log likelihood = 0.000000,103,(lambda (#(lambda (#(lambda (_simplify (_swap $0 0) 0)) (_rrotate (_swap $0 3) 2))) (#(lambda (_simplify (_rrotate (_sub (_simplify $0 0) 3) 1) 0)) (#(lambda (_simplify (_rrotate (_sub (_simplify $0 0) 3) 1) 0)) (#(lambda (_simplify (_dist $0 1) 0)) (#(lambda (#(lambda (_simplify (_swap $0 0) 0)) (_rrotate (_swap $0 3) 2))) $0))))))
32,HIT te104 w/ (lambda (#(lambda (#(lambda (mathDomain_simplify (mathDomain_swap $0 mathDomain_0) mathDomain_0)) (mathDomain_rrotate (mathDomain_swap $0 mathDomain_3) mathDomain_2))) $0)) ; log prior = -2.965436 ; log likelihood = 0.000000,104,(lambda (#(lambda (#(lambda (_simplify (_swap $0 0) 0)) (_rrotate (_swap $0 3) 2))) $0))
33,HIT te105 w/ (lambda (#(lambda (mathDomain_simplify (mathDomain_dist $0 mathDomain_1) mathDomain_0)) $0)) ; log prior = -2.705981 ; log likelihood = 0.000000,105,(lambda (#(lambda (_simplify (_dist $0 1) 0)) $0))
34,HIT te111 w/ (lambda (#(lambda (#(lambda (mathDomain_simplify (mathDomain_swap $0 mathDomain_0) mathDomain_0)) (mathDomain_rrotate (mathDomain_swap $0 mathDomain_3) mathDomain_2))) (#(lambda (mathDomain_simplify (mathDomain_rrotate (mathDomain_sub (mathDomain_simplify $0 mathDomain_0) mathDomain_3) mathDomain_1) mathDomain_0)) (#(lambda (mathDomain_simplify (mathDomain_rrotate (mathDomain_sub (mathDomain_simplify $0 mathDomain_0) mathDomain_3) mathDomain_1) mathDomain_0)) $0)))) ; log prior = -5.432147 ; log likelihood = 0.000000,111,(lambda (#(lambda (#(lambda (_simplify (_swap $0 0) 0)) (_rrotate (_swap $0 3) 2))) (#(lambda (_simplify (_rrotate (_sub (_simplify $0 0) 3) 1) 0)) (#(lambda (_simplify (_rrotate (_sub (_simplify $0 0) 3) 1) 0)) $0))))
35,HIT te113 w/ (lambda (#(lambda (#(lambda (mathDomain_simplify (mathDomain_swap $0 mathDomain_0) mathDomain_0)) (mathDomain_rrotate (mathDomain_swap $0 mathDomain_3) mathDomain_2))) (#(lambda (#(lambda (mathDomain_simplify (mathDomain_swap $0 mathDomain_0) mathDomain_0)) (mathDomain_rrotate (mathDomain_swap $0 mathDomain_3) mathDomain_2))) (#(lambda (mathDomain_simplify (mathDomain_rrotate (mathDomain_sub (mathDomain_simplify $0 mathDomain_0) mathDomain_3) mathDomain_1) mathDomain_0)) (mathDomain_swap $0 mathDomain_1))))) ; log prior = -11.675583 ; log likelihood = 0.000000,113,(lambda (#(lambda (#(lambda (_simplify (_swap $0 0) 0)) (_rrotate (_swap $0 3) 2))) (#(lambda (#(lambda (_simplify (_swap $0 0) 0)) (_rrotate (_swap $0 3) 2))) (#(lambda (_simplify (_rrotate (_sub (_simplify $0 0) 3) 1) 0)) (_swap $0 1)))))
36,HIT te115 w/ (lambda (#(lambda (mathDomain_simplify (mathDomain_rrotate (mathDomain_sub (mathDomain_simplify $0 mathDomain_0) mathDomain_3) mathDomain_1) mathDomain_0)) (#(lambda (#(lambda (mathDomain_simplify (mathDomain_swap $0 mathDomain_0) mathDomain_0)) (mathDomain_rrotate (mathDomain_swap $0 mathDomain_3) mathDomain_2))) (mathDomain_lrotate (#(lambda (#(lambda (mathDomain_simplify (mathDomain_swap $0 mathDomain_0) mathDomain_0)) (mathDomain_rrotate (mathDomain_swap $0 mathDomain_3) mathDomain_2))) $0) mathDomain_2)))) ; log prior = -13.519389 ; log likelihood = 0.000000,115,(lambda (#(lambda (_simplify (_rrotate (_sub (_simplify $0 0) 3) 1) 0)) (#(lambda (#(lambda (_simplify (_swap $0 0) 0)) (_rrotate (_swap $0 3) 2))) (_lrotate (#(lambda (#(lambda (_simplify (_swap $0 0) 0)) (_rrotate (_swap $0 3) 2))) $0) 2))))
37,HIT te118 w/ (lambda (#(lambda (mathDomain_simplify (mathDomain_rrotate (mathDomain_sub (mathDomain_simplify $0 mathDomain_0) mathDomain_3) mathDomain_1) mathDomain_0)) (#(lambda (#(lambda (mathDomain_simplify (mathDomain_swap $0 mathDomain_0) mathDomain_0)) (mathDomain_rrotate (mathDomain_swap $0 mathDomain_3) mathDomain_2))) (#(lambda (mathDomain_simplify (mathDomain_rrotate (mathDomain_sub (mathDomain_simplify $0 mathDomain_0) mathDomain_3) mathDomain_1) mathDomain_0)) (mathDomain_swap $0 mathDomain_1))))) ; log prior = -10.509963 ; log likelihood = 0.000000,118,(lambda (#(lambda (_simplify (_rrotate (_sub (_simplify $0 0) 3) 1) 0)) (#(lambda (#(lambda (_simplify (_swap $0 0) 0)) (_rrotate (_swap $0 3) 2))) (#(lambda (_simplify (_rrotate (_sub (_simplify $0 0) 3) 1) 0)) (_swap $0 1)))))
38,HIT te124 w/ (lambda (#(lambda (mathDomain_simplify (mathDomain_rrotate (mathDomain_sub (mathDomain_simplify $0 mathDomain_0) mathDomain_3) mathDomain_1) mathDomain_0)) $0)) ; log prior = -2.388808 ; log likelihood = 0.000000,124,(lambda (#(lambda (_simplify (_rrotate (_sub (_simplify $0 0) 3) 1) 0)) $0))
39,HIT te125 w/ (lambda (#(lambda (#(lambda (mathDomain_simplify (mathDomain_swap $0 mathDomain_0) mathDomain_0)) (mathDomain_rrotate (mathDomain_swap $0 mathDomain_3) mathDomain_2))) (mathDomain_swap (#(lambda (#(lambda (mathDomain_simplify (mathDomain_swap $0 mathDomain_0) mathDomain_0)) (mathDomain_rrotate (mathDomain_swap $0 mathDomain_3) mathDomain_2))) (mathDomain_div (#(lambda (#(lambda (mathDomain_simplify (mathDomain_swap $0 mathDomain_0) mathDomain_0)) (mathDomain_rrotate (mathDomain_swap $0 mathDomain_3) mathDomain_2))) (#(lambda (#(lambda (mathDomain_simplify (mathDomain_swap $0 mathDomain_0) mathDomain_0)) (mathDomain_rrotate (mathDomain_swap $0 mathDomain_3) mathDomain_2))) $0)) mathDomain_2)) mathDomain_2))) ; log prior = -15.500999 ; log likelihood = 0.000000,125,(lambda (#(lambda (#(lambda (_simplify (_swap $0 0) 0)) (_rrotate (_swap $0 3) 2))) (_swap (#(lambda (#(lambda (_simplify (_swap $0 0) 0)) (_rrotate (_swap $0 3) 2))) (_div (#(lambda (#(lambda (_simplify (_swap $0 0) 0)) (_rrotate (_swap $0 3) 2))) (#(lambda (#(lambda (_simplify (_swap $0 0) 0)) (_rrotate (_swap $0 3) 2))) $0)) 2)) 2)))
40,HIT te129 w/ (lambda (#(lambda (#(lambda (mathDomain_simplify (mathDomain_swap $0 mathDomain_0) mathDomain_0)) (mathDomain_rrotate (mathDomain_swap $0 mathDomain_3) mathDomain_2))) (#(lambda (mathDomain_simplify (mathDomain_rrotate (mathDomain_sub (mathDomain_simplify $0 mathDomain_0) mathDomain_3) mathDomain_1) mathDomain_0)) (#(lambda (mathDomain_simplify (mathDomain_rrotate (mathDomain_sub (mathDomain_simplify $0 mathDomain_0) mathDomain_3) mathDomain_1) mathDomain_0)) (#(lambda (mathDomain_simplify (mathDomain_dist $0 mathDomain_1) mathDomain_0)) (#(lambda (mathDomain_simplify (mathDomain_swap $0 mathDomain_0) mathDomain_0)) $0)))))) ; log prior = -13.196183 ; log likelihood = 0.000000,129,(lambda (#(lambda (#(lambda (_simplify (_swap $0 0) 0)) (_rrotate (_swap $0 3) 2))) (#(lambda (_simplify (_rrotate (_sub (_simplify $0 0) 3) 1) 0)) (#(lambda (_simplify (_rrotate (_sub (_simplify $0 0) 3) 1) 0)) (#(lambda (_simplify (_dist $0 1) 0)) (#(lambda (_simplify (_swap $0 0) 0)) $0))))))
41,HIT te130 w/ (lambda (#(lambda (#(lambda (mathDomain_simplify (mathDomain_swap $0 mathDomain_0) mathDomain_0)) (mathDomain_rrotate (mathDomain_swap $0 mathDomain_3) mathDomain_2))) (#(lambda (#(lambda (mathDomain_simplify (mathDomain_swap $0 mathDomain_0) mathDomain_0)) (mathDomain_rrotate (mathDomain_swap $0 mathDomain_3) mathDomain_2))) (mathDomain_div (#(lambda (#(lambda (mathDomain_simplify (mathDomain_swap $0 mathDomain_0) mathDomain_0)) (mathDomain_rrotate (mathDomain_swap $0 mathDomain_3) mathDomain_2))) (#(lambda (mathDomain_simplify (mathDomain_rrotate (mathDomain_sub (mathDomain_simplify $0 mathDomain_0) mathDomain_3) mathDomain_1) mathDomain_0)) $0)) mathDomain_2)))) ; log prior = -16.237982 ; log likelihood = 0.000000,130,(lambda (#(lambda (#(lambda (_simplify (_swap $0 0) 0)) (_rrotate (_swap $0 3) 2))) (#(lambda (#(lambda (_simplify (_swap $0 0) 0)) (_rrotate (_swap $0 3) 2))) (_div (#(lambda (#(lambda (_simplify (_swap $0 0) 0)) (_rrotate (_swap $0 3) 2))) (#(lambda (_simplify (_rrotate (_sub (_simplify $0 0) 3) 1) 0)) $0)) 2))))
42,HIT te131 w/ (lambda (#(lambda (#(lambda (mathDomain_simplify (mathDomain_swap $0 mathDomain_0) mathDomain_0)) (mathDomain_rrotate (mathDomain_swap $0 mathDomain_3) mathDomain_2))) (#(lambda (mathDomain_simplify (mathDomain_rrotate (mathDomain_sub (mathDomain_simplify $0 mathDomain_0) mathDomain_3) mathDomain_1) mathDomain_0)) (#(lambda (mathDomain_simplify (mathDomain_rrotate (mathDomain_sub (mathDomain_simplify $0 mathDomain_0) mathDomain_3) mathDomain_1) mathDomain_0)) (#(lambda (mathDomain_simplify (mathDomain_dist $0 mathDomain_1) mathDomain_0)) (#(lambda (mathDomain_simplify (mathDomain_swap $0 mathDomain_0) mathDomain_0)) (#(lambda (mathDomain_simplify (mathDomain_rrotate (mathDomain_sub (mathDomain_simplify $0 mathDomain_0) mathDomain_3) mathDomain_1) mathDomain_0)) $0))))))) ; log prior = -14.505443 ; log likelihood = 0.000000,131,(lambda (#(lambda (#(lambda (_simplify (_swap $0 0) 0)) (_rrotate (_swap $0 3) 2))) (#(lambda (_simplify (_rrotate (_sub (_simplify $0 0) 3) 1) 0)) (#(lambda (_simplify (_rrotate (_sub (_simplify $0 0) 3) 1) 0)) (#(lambda (_simplify (_dist $0 1) 0)) (#(lambda (_simplify (_swap $0 0) 0)) (#(lambda (_simplify (_rrotate (_sub (_simplify $0 0) 3) 1) 0)) $0)))))))
43,HIT te133 w/ (lambda (#(lambda (mathDomain_simplify (mathDomain_dist $0 mathDomain_1) mathDomain_0)) $0)) ; log prior = -2.746488 ; log likelihood = 0.000000,133,(lambda (#(lambda (_simplify (_dist $0 1) 0)) $0))
44,HIT te135 w/ (lambda (#(lambda (#(lambda (mathDomain_simplify (mathDomain_swap $0 mathDomain_0) mathDomain_0)) (mathDomain_rrotate (mathDomain_swap $0 mathDomain_3) mathDomain_2))) (#(lambda (#(lambda (mathDomain_simplify (mathDomain_swap $0 mathDomain_0) mathDomain_0)) (mathDomain_rrotate (mathDomain_swap $0 mathDomain_3) mathDomain_2))) (#(lambda (mathDomain_simplify (mathDomain_rrotate (mathDomain_sub (mathDomain_simplify $0 mathDomain_0) mathDomain_3) mathDomain_1) mathDomain_0)) (mathDomain_swap $0 mathDomain_1))))) ; log prior = -12.003385 ; log likelihood = 0.000000,135,(lambda (#(lambda (#(lambda (_simplify (_swap $0 0) 0)) (_rrotate (_swap $0 3) 2))) (#(lambda (#(lambda (_simplify (_swap $0 0) 0)) (_rrotate (_swap $0 3) 2))) (#(lambda (_simplify (_rrotate (_sub (_simplify $0 0) 3) 1) 0)) (_swap $0 1)))))
45,HIT te145 w/ (lambda (#(lambda (mathDomain_simplify (mathDomain_rrotate (mathDomain_sub (mathDomain_simplify $0 mathDomain_0) mathDomain_3) mathDomain_1) mathDomain_0)) (mathDomain_swap $0 mathDomain_2))) ; log prior = -5.744572 ; log likelihood = 0.000000,145,(lambda (#(lambda (_simplify (_rrotate (_sub (_simplify $0 0) 3) 1) 0)) (_swap $0 2)))
46,HIT te147 w/ (lambda (#(lambda (#(lambda (mathDomain_simplify (mathDomain_swap $0 mathDomain_0) mathDomain_0)) (mathDomain_rrotate (mathDomain_swap $0 mathDomain_3) mathDomain_2))) (#(lambda (mathDomain_simplify (mathDomain_rrotate (mathDomain_sub (mathDomain_simplify $0 mathDomain_0) mathDomain_3) mathDomain_1) mathDomain_0)) (#(lambda (mathDomain_simplify (mathDomain_rrotate (mathDomain_sub (mathDomain_simplify $0 mathDomain_0) mathDomain_3) mathDomain_1) mathDomain_0)) (#(lambda (mathDomain_simplify (mathDomain_dist $0 mathDomain_1) mathDomain_0)) (#(lambda (mathDomain_simplify (mathDomain_swap $0 mathDomain_0) mathDomain_0)) (#(lambda (mathDomain_simplify (mathDomain_rrotate (mathDomain_sub (mathDomain_simplify $0 mathDomain_0) mathDomain_3) mathDomain_1) mathDomain_0)) $0))))))) ; log prior = -13.680196 ; log likelihood = 0.000000,147,(lambda (#(lambda (#(lambda (_simplify (_swap $0 0) 0)) (_rrotate (_swap $0 3) 2))) (#(lambda (_simplify (_rrotate (_sub (_simplify $0 0) 3) 1) 0)) (#(lambda (_simplify (_rrotate (_sub (_simplify $0 0) 3) 1) 0)) (#(lambda (_simplify (_dist $0 1) 0)) (#(lambda (_simplify (_swap $0 0) 0)) (#(lambda (_simplify (_rrotate (_sub (_simplify $0 0) 3) 1) 0)) $0)))))))
47,HIT te149 w/ (lambda (#(lambda (#(lambda (mathDomain_simplify (mathDomain_swap $0 mathDomain_0) mathDomain_0)) (mathDomain_rrotate (mathDomain_swap $0 mathDomain_3) mathDomain_2))) (#(lambda (#(lambda (mathDomain_simplify (mathDomain_swap $0 mathDomain_0) mathDomain_0)) (mathDomain_rrotate (mathDomain_swap $0 mathDomain_3) mathDomain_2))) (#(lambda (mathDomain_simplify (mathDomain_rrotate (mathDomain_sub (mathDomain_simplify $0 mathDomain_0) mathDomain_3) mathDomain_1) mathDomain_0)) (#(lambda (mathDomain_simplify (mathDomain_rrotate (mathDomain_sub (mathDomain_simplify $0 mathDomain_0) mathDomain_3) mathDomain_1) mathDomain_0)) (mathDomain_swap $0 mathDomain_1)))))) ; log prior = -13.806670 ; log likelihood = 0.000000,149,(lambda (#(lambda (#(lambda (_simplify (_swap $0 0) 0)) (_rrotate (_swap $0 3) 2))) (#(lambda (#(lambda (_simplify (_swap $0 0) 0)) (_rrotate (_swap $0 3) 2))) (#(lambda (_simplify (_rrotate (_sub (_simplify $0 0) 3) 1) 0)) (#(lambda (_simplify (_rrotate (_sub (_simplify $0 0) 3) 1) 0)) (_swap $0 1))))))
48,HIT te153 w/ (lambda (#(lambda (#(lambda (mathDomain_simplify (mathDomain_swap $0 mathDomain_0) mathDomain_0)) (mathDomain_rrotate (mathDomain_swap $0 mathDomain_3) mathDomain_2))) (#(lambda (mathDomain_simplify (mathDomain_rrotate (mathDomain_sub (mathDomain_simplify $0 mathDomain_0) mathDomain_3) mathDomain_1) mathDomain_0)) (#(lambda (mathDomain_simplify (mathDomain_rrotate (mathDomain_sub (mathDomain_simplify $0 mathDomain_0) mathDomain_3) mathDomain_1) mathDomain_0)) $0)))) ; log prior = -5.521070 ; log likelihood = 0.000000,153,(lambda (#(lambda (#(lambda (_simplify (_swap $0 0) 0)) (_rrotate (_swap $0 3) 2))) (#(lambda (_simplify (_rrotate (_sub (_simplify $0 0) 3) 1) 0)) (#(lambda (_simplify (_rrotate (_sub (_simplify $0 0) 3) 1) 0)) $0))))
49,HIT te169 w/ (lambda (#(lambda (#(lambda (mathDomain_simplify (mathDomain_swap $0 mathDomain_0) mathDomain_0)) (mathDomain_rrotate (mathDomain_swap $0 mathDomain_3) mathDomain_2))) (#(lambda (#(lambda (mathDomain_simplify (mathDomain_swap $0 mathDomain_0) mathDomain_0)) (mathDomain_rrotate (mathDomain_swap $0 mathDomain_3) mathDomain_2))) (mathDomain_div (#(lambda (#(lambda (mathDomain_simplify (mathDomain_swap $0 mathDomain_0) mathDomain_0)) (mathDomain_rrotate (mathDomain_swap $0 mathDomain_3) mathDomain_2))) $0) mathDomain_2)))) ; log prior = -11.675735 ; log likelihood = 0.000000,169,(lambda (#(lambda (#(lambda (_simplify (_swap $0 0) 0)) (_rrotate (_swap $0 3) 2))) (#(lambda (#(lambda (_simplify (_swap $0 0) 0)) (_rrotate (_swap $0 3) 2))) (_div (#(lambda (#(lambda (_simplify (_swap $0 0) 0)) (_rrotate (_swap $0 3) 2))) $0) 2))))
50,HIT te170 w/ (lambda (#(lambda (#(lambda (mathDomain_simplify (mathDomain_swap $0 mathDomain_0) mathDomain_0)) (mathDomain_rrotate (mathDomain_swap $0 mathDomain_3) mathDomain_2))) $0)) ; log prior = -2.782967 ; log likelihood = 0.000000,170,(lambda (#(lambda (#(lambda (_simplify (_swap $0 0) 0)) (_rrotate (_swap $0 3) 2))) $0))
51,HIT te171 w/ (lambda (#(lambda (#(lambda (mathDomain_simplify (mathDomain_swap $0 mathDomain_0) mathDomain_0)) (mathDomain_rrotate (mathDomain_swap $0 mathDomain_3) mathDomain_2))) (#(lambda (mathDomain_simplify (mathDomain_dist $0 mathDomain_1) mathDomain_0)) (mathDomain_swap (mathDomain_div $0 mathDomain_3) mathDomain_1)))) ; log prior = -18.975458 ; log likelihood = 0.000000,171,(lambda (#(lambda (#(lambda (_simplify (_swap $0 0) 0)) (_rrotate (_swap $0 3) 2))) (#(lambda (_simplify (_dist $0 1) 0)) (_swap (_div $0 3) 1))))
52,HIT te181 w/ (lambda (#(lambda (mathDomain_simplify (mathDomain_rrotate (mathDomain_sub (mathDomain_simplify $0 mathDomain_0) mathDomain_3) mathDomain_1) mathDomain_0)) (#(lambda (#(lambda (mathDomain_simplify (mathDomain_swap $0 mathDomain_0) mathDomain_0)) (mathDomain_rrotate (mathDomain_swap $0 mathDomain_3) mathDomain_2))) (#(lambda (mathDomain_simplify (mathDomain_rrotate (mathDomain_sub (mathDomain_simplify $0 mathDomain_0) mathDomain_3) mathDomain_1) mathDomain_0)) (#(lambda (#(lambda (mathDomain_simplify (mathDomain_swap $0 mathDomain_0) mathDomain_0)) (mathDomain_rrotate (mathDomain_swap $0 mathDomain_3) mathDomain_2))) (mathDomain_rrotate (#(lambda (mathDomain_simplify (mathDomain_rrotate (mathDomain_sub (mathDomain_simplify $0 mathDomain_0) mathDomain_3) mathDomain_1) mathDomain_0)) $0) mathDomain_2)))))) ; log prior = -14.915199 ; log likelihood = 0.000000,181,(lambda (#(lambda (_simplify (_rrotate (_sub (_simplify $0 0) 3) 1) 0)) (#(lambda (#(lambda (_simplify (_swap $0 0) 0)) (_rrotate (_swap $0 3) 2))) (#(lambda (_simplify (_rrotate (_sub (_simplify $0 0) 3) 1) 0)) (#(lambda (#(lambda (_simplify (_swap $0 0) 0)) (_rrotate (_swap $0 3) 2))) (_rrotate (#(lambda (_simplify (_rrotate (_sub (_simplify $0 0) 3) 1) 0)) $0) 2))))))
53,HIT te185 w/ (lambda (#(lambda (mathDomain_simplify (mathDomain_dist $0 mathDomain_1) mathDomain_0)) $0)) ; log prior = -2.483835 ; log likelihood = 0.000000,185,(lambda (#(lambda (_simplify (_dist $0 1) 0)) $0))
54,HIT te187 w/ (lambda (#(lambda (mathDomain_simplify (mathDomain_dist $0 mathDomain_1) mathDomain_0)) $0)) ; log prior = -2.597486 ; log likelihood = 0.000000,187,(lambda (#(lambda (_simplify (_dist $0 1) 0)) $0))
55,HIT te189 w/ (lambda (#(lambda (#(lambda (mathDomain_simplify (mathDomain_swap $0 mathDomain_0) mathDomain_0)) (mathDomain_rrotate (mathDomain_swap $0 mathDomain_3) mathDomain_2))) (mathDomain_swap (#(lambda (#(lambda (mathDomain_simplify (mathDomain_swap $0 mathDomain_0) mathDomain_0)) (mathDomain_rrotate (mathDomain_swap $0 mathDomain_3) mathDomain_2))) (#(lambda (mathDomain_simplify (mathDomain_swap $0 mathDomain_0) mathDomain_0)) (#(lambda (mathDomain_simplify (mathDomain_rrotate (mathDomain_sub (mathDomain_simplify $0 mathDomain_0) mathDomain_3) mathDomain_1) mathDomain_0)) (#(lambda (mathDomain_simplify (mathDomain_rrotate (mathDomain_sub (mathDomain_simplify $0 mathDomain_0) mathDomain_3) mathDomain_1) mathDomain_0)) $0)))) mathDomain_2))) ; log prior = -14.536715 ; log likelihood = 0.000000,189,(lambda (#(lambda (#(lambda (_simplify (_swap $0 0) 0)) (_rrotate (_swap $0 3) 2))) (_swap (#(lambda (#(lambda (_simplify (_swap $0 0) 0)) (_rrotate (_swap $0 3) 2))) (#(lambda (_simplify (_swap $0 0) 0)) (#(lambda (_simplify (_rrotate (_sub (_simplify $0 0) 3) 1) 0)) (#(lambda (_simplify (_rrotate (_sub (_simplify $0 0) 3) 1) 0)) $0)))) 2)))
56,HIT te190 w/ (lambda (#(lambda (#(lambda (mathDomain_simplify (mathDomain_swap $0 mathDomain_0) mathDomain_0)) (mathDomain_rrotate (mathDomain_swap $0 mathDomain_3) mathDomain_2))) (#(lambda (mathDomain_simplify (mathDomain_rrotate (mathDomain_sub (mathDomain_simplify $0 mathDomain_0) mathDomain_3) mathDomain_1) mathDomain_0)) (#(lambda (mathDomain_simplify (mathDomain_rrotate (mathDomain_sub (mathDomain_simplify $0 mathDomain_0) mathDomain_3) mathDomain_1) mathDomain_0)) (#(lambda (mathDomain_simplify (mathDomain_rrotate (mathDomain_sub (mathDomain_simplify $0 mathDomain_0) mathDomain_3) mathDomain_1) mathDomain_0)) (#(lambda (mathDomain_simplify (mathDomain_rrotate (mathDomain_sub (mathDomain_simplify $0 mathDomain_0) mathDomain_3) mathDomain_1) mathDomain_0)) $0)))))) ; log prior = -8.452425 ; log likelihood = 0.000000,190,(lambda (#(lambda (#(lambda (_simplify (_swap $0 0) 0)) (_rrotate (_swap $0 3) 2))) (#(lambda (_simplify (_rrotate (_sub (_simplify $0 0) 3) 1) 0)) (#(lambda (_simplify (_rrotate (_sub (_simplify $0 0) 3) 1) 0)) (#(lambda (_simplify (_rrotate (_sub (_simplify $0 0) 3) 1) 0)) (#(lambda (_simplify (_rrotate (_sub (_simplify $0 0) 3) 1) 0)) $0))))))
57,HIT te196 w/ (lambda (#(lambda (#(lambda (mathDomain_simplify (mathDomain_swap $0 mathDomain_0) mathDomain_0)) (mathDomain_rrotate (mathDomain_swap $0 mathDomain_3) mathDomain_2))) (#(lambda (mathDomain_simplify (mathDomain_rrotate (mathDomain_sub (mathDomain_simplify $0 mathDomain_0) mathDomain_3) mathDomain_1) mathDomain_0)) (#(lambda (mathDomain_simplify (mathDomain_rrotate (mathDomain_sub (mathDomain_simplify $0 mathDomain_0) mathDomain_3) mathDomain_1) mathDomain_0)) $0)))) ; log prior = -5.383667 ; log likelihood = 0.000000,196,(lambda (#(lambda (#(lambda (_simplify (_swap $0 0) 0)) (_rrotate (_swap $0 3) 2))) (#(lambda (_simplify (_rrotate (_sub (_simplify $0 0) 3) 1) 0)) (#(lambda (_simplify (_rrotate (_sub (_simplify $0 0) 3) 1) 0)) $0))))
58,HIT te198 w/ (lambda (#(lambda (#(lambda (mathDomain_simplify (mathDomain_swap $0 mathDomain_0) mathDomain_0)) (mathDomain_rrotate (mathDomain_swap $0 mathDomain_3) mathDomain_2))) (mathDomain_swap (#(lambda (#(lambda (mathDomain_simplify (mathDomain_swap $0 mathDomain_0) mathDomain_0)) (mathDomain_rrotate (mathDomain_swap $0 mathDomain_3) mathDomain_2))) (#(lambda (mathDomain_simplify (mathDomain_swap $0 mathDomain_0) mathDomain_0)) (#(lambda (mathDomain_simplify (mathDomain_rrotate (mathDomain_sub (mathDomain_simplify $0 mathDomain_0) mathDomain_3) mathDomain_1) mathDomain_0)) (#(lambda (mathDomain_simplify (mathDomain_rrotate (mathDomain_sub (mathDomain_simplify $0 mathDomain_0) mathDomain_3) mathDomain_1) mathDomain_0)) $0)))) mathDomain_2))) ; log prior = -14.384657 ; log likelihood = 0.000000,198,(lambda (#(lambda (#(lambda (_simplify (_swap $0 0) 0)) (_rrotate (_swap $0 3) 2))) (_swap (#(lambda (#(lambda (_simplify (_swap $0 0) 0)) (_rrotate (_swap $0 3) 2))) (#(lambda (_simplify (_swap $0 0) 0)) (#(lambda (_simplify (_rrotate (_sub (_simplify $0 0) 3) 1) 0)) (#(lambda (_simplify (_rrotate (_sub (_simplify $0 0) 3) 1) 0)) $0)))) 2)))
59,HIT te201 w/ (lambda (#(lambda (#(lambda (mathDomain_simplify (mathDomain_swap $0 mathDomain_0) mathDomain_0)) (mathDomain_rrotate (mathDomain_swap $0 mathDomain_3) mathDomain_2))) (#(lambda (mathDomain_simplify (mathDomain_rrotate (mathDomain_sub (mathDomain_simplify $0 mathDomain_0) mathDomain_3) mathDomain_1) mathDomain_0)) (#(lambda (mathDomain_simplify (mathDomain_rrotate (mathDomain_sub (mathDomain_simplify $0 mathDomain_0) mathDomain_3) mathDomain_1) mathDomain_0)) (mathDomain_swap (#(lambda (#(lambda (mathDomain_simplify (mathDomain_swap $0 mathDomain_0) mathDomain_0)) (mathDomain_rrotate (mathDomain_swap $0 mathDomain_3) mathDomain_2))) $0) mathDomain_1))))) ; log prior = -13.356901 ; log likelihood = 0.000000,201,(lambda (#(lambda (#(lambda (_simplify (_swap $0 0) 0)) (_rrotate (_swap $0 3) 2))) (#(lambda (_simplify (_rrotate (_sub (_simplify $0 0) 3) 1) 0)) (#(lambda (_simplify (_rrotate (_sub (_simplify $0 0) 3) 1) 0)) (_swap (#(lambda (#(lambda (_simplify (_swap $0 0) 0)) (_rrotate (_swap $0 3) 2))) $0) 1)))))
60,HIT te209 w/ (lambda (#(lambda (#(lambda (mathDomain_simplify (mathDomain_swap $0 mathDomain_0) mathDomain_0)) (mathDomain_rrotate (mathDomain_swap $0 mathDomain_3) mathDomain_2))) (#(lambda (#(lambda (mathDomain_simplify (mathDomain_swap $0 mathDomain_0) mathDomain_0)) (mathDomain_rrotate (mathDomain_swap $0 mathDomain_3) mathDomain_2))) (mathDomain_div (#(lambda (#(lambda (mathDomain_simplify (mathDomain_swap $0 mathDomain_0) mathDomain_0)) (mathDomain_rrotate (mathDomain_swap $0 mathDomain_3) mathDomain_2))) (#(lambda (mathDomain_simplify (mathDomain_rrotate (mathDomain_sub (mathDomain_simplify $0 mathDomain_0) mathDomain_3) mathDomain_1) mathDomain_0)) $0)) mathDomain_2)))) ; log prior = -13.954718 ; log likelihood = 0.000000,209,(lambda (#(lambda (#(lambda (_simplify (_swap $0 0) 0)) (_rrotate (_swap $0 3) 2))) (#(lambda (#(lambda (_simplify (_swap $0 0) 0)) (_rrotate (_swap $0 3) 2))) (_div (#(lambda (#(lambda (_simplify (_swap $0 0) 0)) (_rrotate (_swap $0 3) 2))) (#(lambda (_simplify (_rrotate (_sub (_simplify $0 0) 3) 1) 0)) $0)) 2))))
61,HIT te211 w/ (lambda (#(lambda (mathDomain_simplify (mathDomain_dist $0 mathDomain_1) mathDomain_0)) (#(lambda (#(lambda (mathDomain_simplify (mathDomain_swap $0 mathDomain_0) mathDomain_0)) (mathDomain_rrotate (mathDomain_swap $0 mathDomain_3) mathDomain_2))) (#(lambda (mathDomain_simplify (mathDomain_rrotate (mathDomain_sub (mathDomain_simplify $0 mathDomain_0) mathDomain_3) mathDomain_1) mathDomain_0)) (#(lambda (mathDomain_simplify (mathDomain_swap $0 mathDomain_0) mathDomain_0)) (#(lambda (#(lambda (mathDomain_simplify (mathDomain_swap $0 mathDomain_0) mathDomain_0)) (mathDomain_rrotate (mathDomain_swap $0 mathDomain_3) mathDomain_2))) (#(lambda (mathDomain_simplify (mathDomain_rrotate (mathDomain_sub (mathDomain_simplify $0 mathDomain_0) mathDomain_3) mathDomain_1) mathDomain_0)) $0))))))) ; log prior = -14.626325 ; log likelihood = 0.000000,211,(lambda (#(lambda (_simplify (_dist $0 1) 0)) (#(lambda (#(lambda (_simplify (_swap $0 0) 0)) (_rrotate (_swap $0 3) 2))) (#(lambda (_simplify (_rrotate (_sub (_simplify $0 0) 3) 1) 0)) (#(lambda (_simplify (_swap $0 0) 0)) (#(lambda (#(lambda (_simplify (_swap $0 0) 0)) (_rrotate (_swap $0 3) 2))) (#(lambda (_simplify (_rrotate (_sub (_simplify $0 0) 3) 1) 0)) $0)))))))
62,HIT te214 w/ (lambda (#(lambda (#(lambda (mathDomain_simplify (mathDomain_swap $0 mathDomain_0) mathDomain_0)) (mathDomain_rrotate (mathDomain_swap $0 mathDomain_3) mathDomain_2))) (mathDomain_swap (#(lambda (mathDomain_simplify (mathDomain_rrotate (mathDomain_sub (mathDomain_simplify $0 mathDomain_0) mathDomain_3) mathDomain_1) mathDomain_0)) (#(lambda (#(lambda (mathDomain_simplify (mathDomain_swap $0 mathDomain_0) mathDomain_0)) (mathDomain_rrotate (mathDomain_swap $0 mathDomain_3) mathDomain_2))) (mathDomain_lrotate $0 mathDomain_2))) mathDomain_2))) ; log prior = -14.639448 ; log likelihood = 0.000000,214,(lambda (#(lambda (#(lambda (_simplify (_swap $0 0) 0)) (_rrotate (_swap $0 3) 2))) (_swap (#(lambda (_simplify (_rrotate (_sub (_simplify $0 0) 3) 1) 0)) (#(lambda (#(lambda (_simplify (_swap $0 0) 0)) (_rrotate (_swap $0 3) 2))) (_lrotate $0 2))) 2)))
63,HIT te215 w/ (lambda (#(lambda (mathDomain_simplify (mathDomain_dist $0 mathDomain_1) mathDomain_0)) (#(lambda (#(lambda (mathDomain_simplify (mathDomain_swap $0 mathDomain_0) mathDomain_0)) (mathDomain_rrotate (mathDomain_swap $0 mathDomain_3) mathDomain_2))) (#(lambda (mathDomain_simplify (mathDomain_rrotate (mathDomain_sub (mathDomain_simplify $0 mathDomain_0) mathDomain_3) mathDomain_1) mathDomain_0)) (#(lambda (mathDomain_simplify (mathDomain_swap $0 mathDomain_0) mathDomain_0)) (#(lambda (#(lambda (mathDomain_simplify (mathDomain_swap $0 mathDomain_0) mathDomain_0)) (mathDomain_rrotate (mathDomain_swap $0 mathDomain_3) mathDomain_2))) (#(lambda (mathDomain_simplify (mathDomain_rrotate (mathDomain_sub (mathDomain_simplify $0 mathDomain_0) mathDomain_3) mathDomain_1) mathDomain_0)) $0))))))) ; log prior = -13.823269 ; log likelihood = 0.000000,215,(lambda (#(lambda (_simplify (_dist $0 1) 0)) (#(lambda (#(lambda (_simplify (_swap $0 0) 0)) (_rrotate (_swap $0 3) 2))) (#(lambda (_simplify (_rrotate (_sub (_simplify $0 0) 3) 1) 0)) (#(lambda (_simplify (_swap $0 0) 0)) (#(lambda (#(lambda (_simplify (_swap $0 0) 0)) (_rrotate (_swap $0 3) 2))) (#(lambda (_simplify (_rrotate (_sub (_simplify $0 0) 3) 1) 0)) $0)))))))
64,HIT te217 w/ (lambda (#(lambda (mathDomain_simplify (mathDomain_dist $0 mathDomain_1) mathDomain_0)) (mathDomain_swap (#(lambda (mathDomain_simplify (mathDomain_swap $0 mathDomain_0) mathDomain_0)) (#(lambda (#(lambda (mathDomain_simplify (mathDomain_swap $0 mathDomain_0) mathDomain_0)) (mathDomain_rrotate (mathDomain_swap $0 mathDomain_3) mathDomain_2))) (#(lambda (mathDomain_simplify (mathDomain_swap $0 mathDomain_0) mathDomain_0)) (#(lambda (mathDomain_simplify (mathDomain_rrotate (mathDomain_sub (mathDomain_simplify $0 mathDomain_0) mathDomain_3) mathDomain_1) mathDomain_0)) $0)))) mathDomain_2))) ; log prior = -15.442978 ; log likelihood = 0.000000,217,(lambda (#(lambda (_simplify (_dist $0 1) 0)) (_swap (#(lambda (_simplify (_swap $0 0) 0)) (#(lambda (#(lambda (_simplify (_swap $0 0) 0)) (_rrotate (_swap $0 3) 2))) (#(lambda (_simplify (_swap $0 0) 0)) (#(lambda (_simplify (_rrotate (_sub (_simplify $0 0) 3) 1) 0)) $0)))) 2)))
65,HIT te218 w/ (lambda (#(lambda (#(lambda (mathDomain_simplify (mathDomain_swap $0 mathDomain_0) mathDomain_0)) (mathDomain_rrotate (mathDomain_swap $0 mathDomain_3) mathDomain_2))) (mathDomain_swap $0 mathDomain_2))) ; log prior = -4.884508 ; log likelihood = 0.000000,218,(lambda (#(lambda (#(lambda (_simplify (_swap $0 0) 0)) (_rrotate (_swap $0 3) 2))) (_swap $0 2)))
66,HIT te220 w/ (lambda (#(lambda (mathDomain_simplify (mathDomain_rrotate (mathDomain_sub (mathDomain_simplify $0 mathDomain_0) mathDomain_3) mathDomain_1) mathDomain_0)) (mathDomain_swap $0 mathDomain_2))) ; log prior = -5.561145 ; log likelihood = 0.000000,220,(lambda (#(lambda (_simplify (_rrotate (_sub (_simplify $0 0) 3) 1) 0)) (_swap $0 2)))
67,HIT te224 w/ (lambda (#(lambda (mathDomain_simplify (mathDomain_rrotate (mathDomain_sub (mathDomain_simplify $0 mathDomain_0) mathDomain_3) mathDomain_1) mathDomain_0)) $0)) ; log prior = -2.707729 ; log likelihood = 0.000000,224,(lambda (#(lambda (_simplify (_rrotate (_sub (_simplify $0 0) 3) 1) 0)) $0))
68,HIT te225 w/ (lambda (#(lambda (mathDomain_simplify (mathDomain_rrotate (mathDomain_sub (mathDomain_simplify $0 mathDomain_0) mathDomain_3) mathDomain_1) mathDomain_0)) (#(lambda (#(lambda (mathDomain_simplify (mathDomain_swap $0 mathDomain_0) mathDomain_0)) (mathDomain_rrotate (mathDomain_swap $0 mathDomain_3) mathDomain_2))) (#(lambda (#(lambda (mathDomain_simplify (mathDomain_swap $0 mathDomain_0) mathDomain_0)) (mathDomain_rrotate (mathDomain_swap $0 mathDomain_3) mathDomain_2))) (mathDomain_swap (mathDomain_sub $0 mathDomain_2) mathDomain_2))))) ; log prior = -16.471338 ; log likelihood = 0.000000,225,(lambda (#(lambda (_simplify (_rrotate (_sub (_simplify $0 0) 3) 1) 0)) (#(lambda (#(lambda (_simplify (_swap $0 0) 0)) (_rrotate (_swap $0 3) 2))) (#(lambda (#(lambda (_simplify (_swap $0 0) 0)) (_rrotate (_swap $0 3) 2))) (_swap (_sub $0 2) 2)))))
69,HIT te229 w/ (lambda (#(lambda (mathDomain_simplify (mathDomain_dist $0 mathDomain_1) mathDomain_0)) (#(lambda (mathDomain_simplify (mathDomain_swap $0 mathDomain_0) mathDomain_0)) $0))) ; log prior = -5.648282 ; log likelihood = 0.000000,229,(lambda (#(lambda (_simplify (_dist $0 1) 0)) (#(lambda (_simplify (_swap $0 0) 0)) $0)))
70,HIT te239 w/ (lambda (#(lambda (#(lambda (mathDomain_simplify (mathDomain_swap $0 mathDomain_0) mathDomain_0)) (mathDomain_rrotate (mathDomain_swap $0 mathDomain_3) mathDomain_2))) (mathDomain_swap (#(lambda (mathDomain_simplify (mathDomain_rrotate (mathDomain_sub (mathDomain_simplify $0 mathDomain_0) mathDomain_3) mathDomain_1) mathDomain_0)) (#(lambda (#(lambda (mathDomain_simplify (mathDomain_swap $0 mathDomain_0) mathDomain_0)) (mathDomain_rrotate (mathDomain_swap $0 mathDomain_3) mathDomain_2))) (#(lambda (mathDomain_simplify (mathDomain_rrotate (mathDomain_sub (mathDomain_simplify $0 mathDomain_0) mathDomain_3) mathDomain_1) mathDomain_0)) (#(lambda (#(lambda (mathDomain_simplify (mathDomain_swap $0 mathDomain_0) mathDomain_0)) (mathDomain_rrotate (mathDomain_swap $0 mathDomain_3) mathDomain_2))) $0)))) mathDomain_2))) ; log prior = -13.925812 ; log likelihood = 0.000000,239,(lambda (#(lambda (#(lambda (_simplify (_swap $0 0) 0)) (_rrotate (_swap $0 3) 2))) (_swap (#(lambda (_simplify (_rrotate (_sub (_simplify $0 0) 3) 1) 0)) (#(lambda (#(lambda (_simplify (_swap $0 0) 0)) (_rrotate (_swap $0 3) 2))) (#(lambda (_simplify (_rrotate (_sub (_simplify $0 0) 3) 1) 0)) (#(lambda (#(lambda (_simplify (_swap $0 0) 0)) (_rrotate (_swap $0 3) 2))) $0)))) 2)))
71,HIT te249 w/ (lambda (#(lambda (mathDomain_simplify (mathDomain_dist $0 mathDomain_1) mathDomain_0)) (mathDomain_lrotate (#(lambda (mathDomain_simplify (mathDomain_swap $0 mathDomain_0) mathDomain_0)) (#(lambda (mathDomain_simplify (mathDomain_rrotate (mathDomain_sub (mathDomain_simplify $0 mathDomain_0) mathDomain_3) mathDomain_1) mathDomain_0)) $0)) mathDomain_2))) ; log prior = -14.087217 ; log likelihood = 0.000000,249,(lambda (#(lambda (_simplify (_dist $0 1) 0)) (_lrotate (#(lambda (_simplify (_swap $0 0) 0)) (#(lambda (_simplify (_rrotate (_sub (_simplify $0 0) 3) 1) 0)) $0)) 2)))
72,HIT te253 w/ (lambda (#(lambda (#(lambda (mathDomain_simplify (mathDomain_swap $0 mathDomain_0) mathDomain_0)) (mathDomain_rrotate (mathDomain_swap $0 mathDomain_3) mathDomain_2))) (#(lambda (mathDomain_simplify (mathDomain_rrotate (mathDomain_sub (mathDomain_simplify $0 mathDomain_0) mathDomain_3) mathDomain_1) mathDomain_0)) (#(lambda (mathDomain_simplify (mathDomain_rrotate (mathDomain_sub (mathDomain_simplify $0 mathDomain_0) mathDomain_3) mathDomain_1) mathDomain_0)) $0)))) ; log prior = -5.816256 ; log likelihood = 0.000000,253,(lambda (#(lambda (#(lambda (_simplify (_swap $0 0) 0)) (_rrotate (_swap $0 3) 2))) (#(lambda (_simplify (_rrotate (_sub (_simplify $0 0) 3) 1) 0)) (#(lambda (_simplify (_rrotate (_sub (_simplify $0 0) 3) 1) 0)) $0))))
73,HIT te255 w/ (lambda (#(lambda (mathDomain_simplify (mathDomain_swap $0 mathDomain_0) mathDomain_0)) $0)) ; log prior = -2.913411 ; log likelihood = 0.000000,255,(lambda (#(lambda (_simplify (_swap $0 0) 0)) $0))
74,HIT te261 w/ (lambda (#(lambda (mathDomain_simplify (mathDomain_dist $0 mathDomain_1) mathDomain_0)) $0)) ; log prior = -2.594101 ; log likelihood = 0.000000,261,(lambda (#(lambda (_simplify (_dist $0 1) 0)) $0))
75,HIT te263 w/ (lambda (#(lambda (mathDomain_simplify (mathDomain_dist $0 mathDomain_1) mathDomain_0)) $0)) ; log prior = -2.475259 ; log likelihood = 0.000000,263,(lambda (#(lambda (_simplify (_dist $0 1) 0)) $0))
76,HIT te264 w/ (lambda (#(lambda (#(lambda (mathDomain_simplify (mathDomain_swap $0 mathDomain_0) mathDomain_0)) (mathDomain_rrotate (mathDomain_swap $0 mathDomain_3) mathDomain_2))) (#(lambda (mathDomain_simplify (mathDomain_rrotate (mathDomain_sub (mathDomain_simplify $0 mathDomain_0) mathDomain_3) mathDomain_1) mathDomain_0)) (#(lambda (mathDomain_simplify (mathDomain_rrotate (mathDomain_sub (mathDomain_simplify $0 mathDomain_0) mathDomain_3) mathDomain_1) mathDomain_0)) (mathDomain_swap (#(lambda (#(lambda (mathDomain_simplify (mathDomain_swap $0 mathDomain_0) mathDomain_0)) (mathDomain_rrotate (mathDomain_swap $0 mathDomain_3) mathDomain_2))) $0) mathDomain_1))))) ; log prior = -13.293335 ; log likelihood = 0.000000,264,(lambda (#(lambda (#(lambda (_simplify (_swap $0 0) 0)) (_rrotate (_swap $0 3) 2))) (#(lambda (_simplify (_rrotate (_sub (_simplify $0 0) 3) 1) 0)) (#(lambda (_simplify (_rrotate (_sub (_simplify $0 0) 3) 1) 0)) (_swap (#(lambda (#(lambda (_simplify (_swap $0 0) 0)) (_rrotate (_swap $0 3) 2))) $0) 1)))))
77,HIT te266 w/ (lambda (#(lambda (mathDomain_simplify (mathDomain_rrotate (mathDomain_sub (mathDomain_simplify $0 mathDomain_0) mathDomain_3) mathDomain_1) mathDomain_0)) $0)) ; log prior = -2.429323 ; log likelihood = 0.000000,266,(lambda (#(lambda (_simplify (_rrotate (_sub (_simplify $0 0) 3) 1) 0)) $0))
78,HIT te268 w/ (lambda (#(lambda (mathDomain_simplify (mathDomain_dist $0 mathDomain_1) mathDomain_0)) (#(lambda (mathDomain_simplify (mathDomain_swap $0 mathDomain_0) mathDomain_0)) (#(lambda (mathDomain_simplify (mathDomain_rrotate (mathDomain_sub (mathDomain_simplify $0 mathDomain_0) mathDomain_3) mathDomain_1) mathDomain_0)) (#(lambda (#(lambda (mathDomain_simplify (mathDomain_swap $0 mathDomain_0) mathDomain_0)) (mathDomain_rrotate (mathDomain_swap $0 mathDomain_3) mathDomain_2))) (#(lambda (#(lambda (mathDomain_simplify (mathDomain_swap $0 mathDomain_0) mathDomain_0)) (mathDomain_rrotate (mathDomain_swap $0 mathDomain_3) mathDomain_2))) $0)))))) ; log prior = -11.508080 ; log likelihood = 0.000000,268,(lambda (#(lambda (_simplify (_dist $0 1) 0)) (#(lambda (_simplify (_swap $0 0) 0)) (#(lambda (_simplify (_rrotate (_sub (_simplify $0 0) 3) 1) 0)) (#(lambda (#(lambda (_simplify (_swap $0 0) 0)) (_rrotate (_swap $0 3) 2))) (#(lambda (#(lambda (_simplify (_swap $0 0) 0)) (_rrotate (_swap $0 3) 2))) $0))))))
79,HIT te271 w/ (lambda (#(lambda (mathDomain_simplify (mathDomain_dist $0 mathDomain_1) mathDomain_0)) $0)) ; log prior = -2.520508 ; log likelihood = 0.000000,271,(lambda (#(lambda (_simplify (_dist $0 1) 0)) $0))
80,HIT te272 w/ (lambda (#(lambda (mathDomain_simplify (mathDomain_rrotate (mathDomain_sub (mathDomain_simplify $0 mathDomain_0) mathDomain_3) mathDomain_1) mathDomain_0)) $0)) ; log prior = -2.621684 ; log likelihood = 0.000000,272,(lambda (#(lambda (_simplify (_rrotate (_sub (_simplify $0 0) 3) 1) 0)) $0))
81,HIT te273 w/ (lambda $0) ; log prior = -0.378989 ; log likelihood = 0.000000,273,(lambda $0)
82,HIT te283 w/ (lambda $0) ; log prior = -0.452913 ; log likelihood = 0.000000,283,(lambda $0)
